#SampleID,b8c1f9ee82c4304f27ab66b413fe8024,91737dc06d7730c07b9f36c1bb4b3e31,51ecb6ff2c7da75ba35f42769607f4bf,b5bebf775d17fcaf0b26298fcd34e460,c6397157ce2790aba349667772b9b941,e8c66652e06400ae2739a43d686759d3,ed73507a87b5019eafca837ad648a347,56b4e354c59618e36d13dacf00fe35df,090e8f1c97ec9e463c9890f1483b7e71,05c03432f558945c63ca6c2664b48e30,2b995f91c3b42bf98839334c08c34d3c,29968b1069ce61be7d8e5ec6b45c4a54,30c93b37d51f4838a38855af0d52fe41,f4d458beda07326308b52583289c609d,5c27f98d6b5b836e8ce7726576e11c2a,c37ebfd7a642d0f38cc12d3f5c515179,5745c37d81a22dbd2a028b4b34348b23,2429e7121328e66ddec3c36dab220fb2,9d0ec2c02afbf7e92b5cd0862b520739,ca25b98c428dcab814ec3363622802cd,7cfd3d607f30363c3838c200411d608d,4f823523c2f8047b85cd86f99b68e437,edf56405e3a6f7de5a6971930dc82d2d,3ba43739c147e04b15fd73cfbdf1cac0,a5d85b14b69ce0aaaa9d7ad075a1aa83,98a4e1fe2ed0530f922ce92a4177cc82,f15a85770cc9dd83210a2948b0d2f48b,0534a09e1a88a52586a8132399f5f9a8,de3e9b44359f1cf41deeb517f8873bae,fe9fd220b8f6b2d84956800112f79ebe,c4dfe0e05ca7f090ff7772f0da0053fd,34bb1559a07221a52f97a1be472b82d3,d22b61ea184eb36e2a076bf35410c958,0586807c81b9e0e5f447d96f1e43db98,11c328ebd513bc88950415576f67b4ae,6574aa30bf5b7bb0cb2da445475c8d05,42347f4684519611779abbe93746ac48,cdc20ca9fba239d6c7d9a27127822e9d,b2069f2cdf167a33054865a84cca768d,f5356ab8161eb4089c4d16359807fa66,df61bade812438ee44f3d270aec1d138,ee2225e01a7fbcc81a9606dd789a0a6b,d5125b1c0068df37cdf0cd64f9b6fbbf,47623ba54ea349e3f9a1b6860239ec7d,7e9c438372db16d0712f4a46f2af0b3d,f729bcbcd657a192403aeaab252444ae,c5c7e6088b0cc4febbf3b26a2a26fdc3,7c1112e57348b4443411305b167437c1,b235d7620b38ae6a8d3386a3e50d1223,0424cde18a4a2b96ee98d5124812ece1,660e81c65a0a922525796262e550333a,c2034775bb403bde50383094b03cfae6,db2b24035aaace540fbc9f8f46867bb2,b8c21d7e54ab70e4801868ff9f107e6c,c934a26ff6ca4f0cb1e8b206e32e2758,f99ee4da848e159a7bd9fd68a24204f5,f4f710d2e5ada482beb076a23c2ab974,1b5eecf73f79060cd62da36d84bbe1f4,77c55c2db748fc2f307aa40d8ef5a111,86076f5ef610dcc675755546b36af9a0,fb9aa9440f8cf7df191b7565967742d3,bbe78836a54959a6529b16667e039634,fb900ab064cc57bc2c62c4d04a6a3117,27e3819d4ef5ec6c9fffc73280464477,e7d9eff76ca80daff5ac5e5b387103a3,7b4039ccbb3ccda372ae791639602d8d,cdf33979dd36f1c34bd48eca24a89520,6eccab96e010f374285e6fd7e7e9068c,afae60cf3764b11ccd8cce9bf6430950,a276fea4b0a2eebfaa6d43e3b5cef4b5,632dcf38d9b3c370b78a9dc30c32e7f5,fab6be3b7c370a992c1a863bac1c6daf,a488007ba1d661425ab5a97b3d3e2d81,fc43b62072a9fbf7e350a1679f989a83,ad864f9860c9c0bceae0e4dfd6033b81,62388f32ddafc02250e181da3f2fdf4d,17f9715b1fcf2a4e6960bee16d152676,3436dec1146a3339c900647d6258b1bc,a48eabc57784db82a6da727702ba12d7,3f5e88bfc1519610ee8b79c3e39b309a,dbff7ac9939b5e666ccabc599c4c948e,8596880450baf1fe667e97b9abc5dbba,3fcbd26325667630789a313e00698ac3,daa5d7beba266bc876eb24cad7a802c8,2883c06155bfc4948ff13c5fc2df6241,777cc1fdd2e9114911e28dec21114f4c,c297ebb5414f164492b7a857596f37e7,e6e66e0339aa9b00d16a46f58c221bbf,f43eb9361a0fe8a1b3d5101c7f188b9f,d6ceb131449d7d718983d7d33c70c951,b50bc81e593271d9bc0e404529f9d50b,31074607ad8a52cb5f707b8ca1c65055,a7cded8817396b3d5684d7390b5a6837,eb1eb853caae3ebfb5ae4663da94de61,1debbbfb15219d1da1c48869ce03aabe,13d67e45503209f92e173dc40a316be8,8b2772ab50d4139ac251e92814681949,5452859e451fe3697f9ca7c9a687c164,2cc13e0d3f015b83dacd6513d24bcb57,8a5c44318bfb8b24709fa197a7ff44df,771284abd43653acbfd02632de190436,df31e9e9e2c3da3d91e06e8a83dbe16c,93a0ef79528cd90cc36210e81f8ba027,9d37ddfaa758ce95f75eb4b59584524f,40878974dab6561ad1602482223f6d61,c0436358157eef1ed9431bb1de7c6fcd,b2d2250512b0b66bf56ac9d1753430fa,cbd64efd32baa735e8685823257077ec,b3f8985b17e738e6faa7dd1b3db1c491,979711215c962ef03c3044c1d057f477,93722d325a027442999cb4b41c53d713,580b23082f5694390995d7c487bf5257,abd8655b292a8e21736945b28799f34c,ad6c8d371cd202b4b2ca779b02319f6f,dd4d5c304a7466a55c1fd1352ac76750,8839b3b42a6c21953dc3cd08637c1750,519a736752a48833e20ceda660c70847,bfe5ab8d0c6ddd2fc22b5ced33bce098,ea119f6eddfe1c5b5dca837e574be646,cc2e61e896643977844a8785c8d8aab3,7b7729007fd5d192584f2f50e296d207,1fe83e030504d4b4ab219d76fd499919,2f96801bcc08294c79f8f0e3990dc4af,dd0a60d9d76997b336a361e419b9c102,73a37e142d407be90771f0ed6d197a96,afeaa31e4aa3d49dbc12a64d7066cefe,b2d99229434ddb42414ec1cd7f685700,f7a1634ab7707786a2a548007ee59bc5,b7713c15eddbc37737bd633452ea1a5e,7a4bbd397b1fd502e59bb7b415b25e88,5a4190f51c459627e5554bec5364ec56,9dc15b8ff4eaac93a7ace8e81a9ece9e,f1808f5c9cbd1ec30d3b55a7b9c77fc1,1293cfb9eef87d2e20091eef2d723d97,2f4bc39dff6a4f73a4931d49c92cc24b,d34aeafdea4ad1b9e6f0bd47def64327,1aad9d52f7ade0f543cbe440422e2a73,6b6a6e9683328690485cbf4cf2333445,4864322e91ea36775a5fa1bff5c50e2c,92dea8ae491a54a4504ba8e214e681e2,7aa9e8abfed3aea8b4c8b0085b67f136,f11b47aeb6de16e59a1f0406d23cbe4a,2799f715631966eaf629a55778bd85cf,3d58e5a3db45017cea958a4c5a55976d,bc22ea0f10acddd04e67309069f90945,19761af8d20e22d1fc3b339257efa901,11e99959ec3eecc057faf3f050a5eddc,58db30c5aa820dc5996407f5250fb8d2,5a15a8e474cf7583822c0de94f210347,7f6e0b877690be2971ce3bae61290170,17e2554af7a67f2320aa5a36db1b79f2,16869acba4257c2c2d485da4a9d68586,efb2a8fad64fa6547c73180092c11ad0,4754fb4176acb87d349d3e8a8df06744,275380da890b7ec73b14280e75e20164,9e173d550c8d700b18504a6549b4b222,cc9f553a0bc2fc066326361903ad291f,695cae31b2f12a03406b141656e655c5,cbdf1ea8d271d4668318d0660113668f,41cbb2aed6d293dfb2da4117e4f5423c,74174434b732c0ca0c88697588cf49ed,611fb7a17ecd8f9ef43be8bd30e5043e,15c39eecba7c18cec343f624fe1fab34,2b5d072bb0a8d9eb2a1a143630670350,e1e6b40d9209e56f117207172cb4ea34,df4b8885d9454732663bf00e530dd574,f010f8ce745f4ba05330e103b64ffa51,4e9fff4cb36675518502036eecfbc8cb,ae0300e5632cc9a4a4126bdcba0fe6e7,b1c03361b631136067794ca7fc3dac62,f339d1ef8a602e489b1201fa0d19adbe,78e59cc5e1aae97a45b146542a61844f,0f303e2afb78b6f8c5b1e251e7f8c761,7414c5df1de4e4784f735f6593d337bb,a23c5a0d06217a2ea5a7ddd1827df9b0,86259c8712a358f48413eaa7c8167bea,b067955b061a78cab5b4ca1c5de869c4,a356dd37c7e90cf421c2bef1aa96306e,6b74612190ccf34bd1c8bbc322c9f39e,3b0a44b57d1cc2a45a50bf23054ab0fd,cd6466a946f02be2e7e8923efc7b095b,d0b4765b8bb693344fb6fcfc8f12494e,ef4f513e9431cae35821d285d001ee93,0dc6cd93be245b52ae78beedaea4b01d,2cdab6611ff068aa1d631013ac17e828,7ec689d6af9fba9c4e1fcd29d0d0608f,5d2fca4fbc168134daff767461aa6218,8769c205ebe4c23bda048a3673e4d36a,11fe631fc0efa4aaec899860cd8f6381,3ff759395bba6a689800d70efb22efc9,70161721f03ec04399367a0fea3188a2,0daf9438f10dc3dc5580f5a7bf09043e,bccb7ab2c2a8f8fdbe7b7f00ae82ec50,7dfd53b4a1081e0ccdb7342563fb839b,a71d114952e4d24a3b31548c05bd9c6e,c5371cda848eaf69a2a3dd386d709239,ff00c646ba4731feab0ebbefd775a590,94a7d778eb92cdeded9bb51556fceebb,728135072775159973ea30f359ceb4eb,c1e81cd51f0358bf568f77b0fd2f018d,109c43c37282baa752e63916e5858711,0f4ed7686ec47a8ecf49c201927b7ff4,c91b6290e4a5813e8d96567edd0d2607,8924a2b15b6b2c3cde1f0f401a2a62a7,2886394b554ceb5d870410c658044531,bc908fc92be2a30693226486e61fc316,69035ff3d9eecfefdd89aac41d901c4c,1b3df24c5dc7359710249b45c1a35d16,c41499cc11aff1eac7e1f72c34e9b04e,b76d0c3d7843ac9d3b7d981cc61a1206,dde277b66b011887de21b04a2edc6531,0a1d4f40e70cfc60813f1f6422240445,b78b6510ee9518e31a08f73c56feb597,9c5f42ca228fc2540397f5eacc03ef98,c9d6c53d45c4466229ebf48213438b10,71905adf41cff1021ad5065662883b69,a1626b4a223f0a60f1fdbb83f1e1c4f9,9a97245443f48b0803d883db2d81e69d,1562d5c81c61c5c0c2754947f069d3ad,10a3442af432f887f2efadb69e1e12d0,8944525d96c6abda1831c8b04a4b2af0,8414be42994f983e44b4f7020637f8bc,59351c86d87ede4506acc7598e204ce1,0084f10e2509ee65387a92ed23178914,2caba308a455ab3251428b7f1d9b2889,8596d4d8ea0db0f966dd5731c8de17ed,e4c533aba64fe26180b473245c6f5c4e,f99a4038fba49cd7a5abd38d3d144cd5,4875b35d8d5db07e18f1e9e599eea564,5850d226b216835e5448a4577ef21edb,a1029cadd958ae27d7c25a1d6f515ae0,248720086df5b585e986ae0bd2012752,b2a35a2102cbc12fd4a1a72665fbc136,4b19e6eb0352c40cf4daab691de6cf4d,0cf36a495b879d9a3daf85eb54b4fd5a,e3e53285fb76a57a18241fd8aeffbe14,93c0b5320df257b0bae1e461e9316291,00642ea1ddefc1e9671f60ef9933e187,fee60f34a3f009e08e3535e964c99dd5,6e6f4959724f88a52dd76c38fab424bb,bc844e7a77599ace546fc42b4b7befd7,12130c2c1fd2ee712e6303be0013847e,1cf47d780809290dffc592d03466a9cd,477930d736134707bbea1d901ec45fc0,03c30e6d453313bf031a6b82fcb4f317,ab49069b71468ef2a96094c27564a305,9d8bbbcdd9c1f5913e72b75a63c35452,dc0571fb593605148a98d5f73688c6c6,0db5dbbbedbb995cdbc7d26965c719a6,62a07816bbd00d5859798cf2025a4bda,50890973b30081f7c7ec9a5f3bfd5859,eef1ac751c8b432631c1e5d4c1ad3f01,1d07d6b74aea4110f51b104c5d2b61e9,324a2c01a9a342bbc6abe7241aec8dff,6cb5d3620030f96b9352d968742655fa,d834c997e06702d5d31f0502c0e2e980,b3569dddc0b0509287e018e1ee168cde,071cd57d22b28dd82636f421bbf79e18,de915bbd578fb903028d97af17036a33,02011b18891a5a75562c6165b3c6b714,f3fec9e143116914ac515f493c9b9998,c4709cc9aaa5b570e7d3495e58bcf9e8,c54a5b1e22463ff1e695e4d9caef28b0,2cb9614acfe659be8d60b1c643b376f9,93d700851f54d2ed175dde5034514d1a,4936f58453583990f10dae83778166b6,91533ed0d533c424164ec3364ddc6f84,762701e87b36f806c0fe96ce216ac58e,e84f7f6236e55d9dc836252a2273f947,9917d656e4b14281dd2c26e1725d9533,55796c062c9ef0c7af67a8dc4c9171f7,2a7b20c02c2d3bf1b938722cf5c8ef94,87558161a98f9889126e6f52b69bb565,d7bce69eff347368d3bb2563f6b704a4,00e4ac79e09d86034457b43db5842058,5360e4c698920863f43bd09fa043d16c,0afa1a4f5ff0d4f0b4565944695a7ae9,faa1a9d9e9e9887ee860cb68d8522504,4920faaeaed1836b3a782b56d41911c0,47b840b0196e085fa829c42285a12a88,60d7321cfd08835669b18c228ff19a2e,bbe1fb6455879b0d646ddf1f039e79cd,8ca78024188072f3b6ce8172f0cf661b,0c1853efad04667c684701dbc7ec8522,842600be07ca67cd523cdae87643308b,ad2e1f82fb28a71ed67dc2729e4b8614,94213ee4aedde432c39e134557042802,54d62b5c144d76be6e13c0826abbc987,8179db3a6d337c1bdaa5c6b8cc7f8817,1ec8401f37174e891c05f7dc035b9bc7,e2cf2da9b4dec1d4138b80864e207c95,7f554d0907848e4c5cc13fa75e6ef9be,362db96d422ebe7875c925ddba478db5,32d64a156754c9275c6938777fdd0570,121d6ade4aa9f3a688ef0006394cc38e,ee219977c12757776d9d8608b092d473,6a1d50fe4ed459446f4f33a28886f61d,76f4c907c6954c0a2d35c711a5d7f394,d4a589134c80acae10677f5a3caf8a71,25c34f1a72834222849d597352e5a38c,b9bf058f40f51853805f560e338e326d,0e1627589988cda56a7b2a1dd1b0d776,d097ac23013d0f3bae4e03bd493ea3d7,b887084e3f235d95a0ba3b2e3d04614b,76cfd3b9afa83f4863360f1ba86427e6,e6e0a30994678a44cfa643cb2f9096a4,f3a0e4f8f46f8f611ef679da53d65c30,829d576e4665857d9454aa80477234a7,808668498f084451f511af32d9ab493a,bde653432ea5f1bbdb4effc19d43668e,4b1b28ed1bf8a57d2eaf5e3b75ed7de0,f2b4176a1bb51af3a6c08de1e5fa2c24,cc929f2ebb8c10d476225ef0e5558b0b,b88492b4496e0e74021b81beb92269c2,a6e750aa85b6ea6740b27b9446953cd6,408a09045411ad9888a8090c1776165c,017cac8acbbb67c2002d58cbe0e28bb9,752895fbd75db7eb6eaa3849bb527d56,7ac4cda8f07fbeb1093783be4bcdab2f,083b69400499e8de67636d757b01d5a9,e7120833060c0ba0a594b96f74ea88a0,8b39da652c151a997d55685bf07ec76a,e9d2ddc9d847f275911acd0366c98f16,a1c5c4d71a9a27bf7e875ad914c312da,7ccbce22e6e9c49a33d14490d37af6aa,47d1a585046ec6cd7e90955ff6941284,531fc2c6f668ea086f7938cc39a9833e,0dc8d3412c2b788f6dc0a222f0584273,13cd6aa8e3f375affe66997f6bc25d07,025dc2f287f6fac299d5749a83db2288,a66237ef51aef3937747013f12371ff2,6d143f5d94e71d4c121a888b7521306c,46019f8bdfe52ec23d69db6d1728f570,4b3bd59236d86e8689286dd727f9c6ec,850b26c2adc3f8dc30160c0858770677,2cbc9de1e51bd17ee1993ca55e644a46,7150227ad04e2c46cd8adccfbe2595af,f7e1626f818235c6283f909f28b78700,ef786ee019ef6a47ad9cc5792193adca,c52a60bf5d9214211da6e827ba5b77e5,8f32119c1891f5628fbba6bb24f41f5c,182ffc1145bfc4c8601d0daa13d7c53b,19ad8b95141ef6c381a8b0162706565a,00d6f0e53a465d319ccb2f03bd6f0ffd,db21d066c96cd604e845de1f112e9ef9,c508fc6a5036c6bbcdabe42ec25653ce,88bd2a29faa97e058dcbf28f54d815c7,c60df4769841d245de8496ddefdfa2e2,0fe60e9087a419ff29ad4f56d6fe664d,df948f399b10f26b131f93f67d50bba6,fc42a11d9eb6bc23d51025c8813ab018,b9752fbbf3a1c7f48821b855d34e7d35,d79a2ee4d03c18c61b595c45b687c4b7,e689e4a6c97ccb0682ac9f0de8539dd6,8727b9cec1a85c6061587bc0df56c2fe,ea15811da50500289b8048351c5602c6,738d46174dbad9e3bfacdbf474d29dd2,15600dadb552ce5242a83a47333c97dc,e0046e40f8e7711ab9a458a631e90e5b,642bda2191236491a84ab2225e46ab71,8be1c36fe26d34f18748fb1cf7a2836b,28caf23dae0b8e02286c720c1534f08b,f43d738a65650891d1c2596dc477a3ef,01d8a3fec0d78d7645f9b8573340e613,8d6556c5dfd4be3ef55fc4b1d0488ea3,751acdd2b306d1e72378acadc96b4c73,ab3f194c6dc74b0fc127d6093f0af97d,85c6500689d54594b1efa7d83e1b66fb,919e3e28a7528fdaa2c7f58ce9065dc3,90bad45e8bc776030980d63c77a1532b,0f503c0cd5c660d80826351c5a0f2be6,996e7efecdfeebac660d7e03d6be85bf,f0d4885ace936b71d8e5eb76feb200bb,1f5e678a364e5350216a96a6f6bdf8bd,cf86b0bc54cc97f934229fb1621aabf1,d1450a5bb209247ecad2e7888b51e072,2a3fe0efc476c0636596946e473f2013,5997fddd42bc74d77c32151d10d6ab73,0cb30562f45a17900440b666629e3afd,f46a1d87e1818170ad889dad2ec05196,c833fb44cbb919f1dca122dab90b362e,bced68a17d7b0691b46f5be61b354a54,c2879f154556a7c8c9f031a0fb00f75c,80d08048c03d051dfd1e655c59aa30b1,cc8f877989285c9b5bd279d020d4aeb0,396829bb5b4e5b998cdb6320352c144b,6ed9c0f2793e46c560c6cc9821be3014,9230042a395bebb60f82e66bba43e2a9,bde32b788ebb21bf1aef2b07bbbf86fd,8454a30bd4e1d3dcc53d1ad0c37c37f8,112567dfbd008527cd1b394bbf4918f6,4faef2dc185147844423f2115663b76d,666f88544798767164d3ae54de388ffb,1568b1869342f3ad74e3eca8ea81df5e,b24099a2662fe3e76195eb593aa9e437,d4ad60a5c68e92eb265c9c1ea0427c40,2e31777bcf3ccc006586f8ba1358c707,ab109ddd6a38d5085ff40f0e699a7d0f,19a6a69c9b8133f32d2db20970588b91,438820b428a1628f8ba93071613dd3fd,a5f13d16daaec6effcdee3b16cde0fdf,8b83ba6f45806221cc68cd0d0df7de32,b68529b7af8c62882017a7a97565ddc2,62ca24b52c17491d56c420e34646fb4b,ba303e65c79d0fb2841cd90c567c0bdd,42409a180b9c5b5c5e3f37358a949871,fc4840b0b23716907b67eae12f7399c8,e910e88f649d80a92a12f733327a0b34,2f66bdbae0048140aa893f77c667cda9,1524322cfc9aa9cd970ca6ca47e204d3,216fac6d7ecf91462ea08adc537c2871,0209ad70039e2b3aae66f664f336dcdc,d36c91eb60851ea91c6c46f1e88556d9,856ae6cb0f1f32c682d346dbe6d58731,8412e3483bc7705dd86d2b4e8ae6234c,616e0b2b5b04149e497a80520aa64650,f87315b10af308117c6b12c6f448e043,6bd3e2b9d2fbd703991c92d1bf3b3364,76d19c48c2ed7756c4a7de17ff587c83,f4ce49d042dd5d3230986d2956c39e47,83d7df19f2a78fc347b96f187698c9bf,91834c8355061723bbf5a61f0024567b,b8e9b08e759b6b1f97c3523969710f97,75d82e286d418aa193bc5f5f7af0de6c,be48de3f6a989f9d8d728d61e1c76b62,e67fc2361074ac73c70b6df0f9cee265,4c339bb24ecedb3bb23cdea02794841a,c930cb15fbb7e3f47f53e9411e190f0c,c197934246b472ce0f54976e3b37a301,838e826f268530acf9856a488831d48d,df4d02f4ab9f28a8e54f3694a38a48c1,559db73df0efb72b7bd4843761f6c142,d9bb403ea5f468461c7d643907212fed,8e982d096df4722f7762d6fc839f73c4,60047be3fed2de49dabfac4cbd99f255,a6c3af2d55dbc2c190283d1f46b888a6,7f268669e23227292908b25dc752e27f,305b19ccb1993031ad7d6f021e3bffeb,0f3ffb3fb0ec794cdd59723b33179a93,7bf325965fe221f5337f764ed3a7907f,d433abdc602191bc953d4bb8e80d9599,d2f518f5b8d1cb855a73cf8b7320dce4,dec1bb00489292649d4d4e5789eaf38b,ec28229fefdd38b6d3285679269d471b,ef5793736f11123869841d09eb4a65b9,1f8da5c54a506997c2c56c1ecc373ded,56ef222a9a4147bebe78c1df9939edf8,0228c6ff9694d4fe46e15b8c7d5ea3b6,80018b2c4e2572fdf5b0ee8c3d4b304b,563dee1ec0389e1f981d687cb66ea72f,454236ddc67fad5029a0f06513ad7d58,9bc17e7a3070d2d45642a63f44a6227b,871f8b89f762522e15de4a2940b27473,09a2cd10f533d103c85b4e2844764fda,25bc74721778d3bb8d15c9d33480d871,ad45188c9975665de3dfc94a1137da3c,442e2a5e16138b21cf081614c3995958,952bc858fc791a774df5c16ce72708ba,2be3c19ab089e499550bbfe0d38920c0,817cb633a2c523ddc862d02c4da79d9e,0549fdf0f2bffc33a700ca75dd6757fa,0ac1cd533feb880b3af6e0732751fb6a,1439fb1bcd95fc27e02c9df8184d3ec9,e84aa9aa1a2c15009851249647a52807,a897290b5610cbcf3a24d1e90ad99ab4,50b24fc3e650e80ac8aa8aecd6f16998,b2c9a504b1c8f7ed19060f07c3133397,dbaca27fdde10495fb774b925602cdc5,26a125acc5cab5a3cf1929cb1ebe6af4,97ee7268f50e14ec13decf57dbb3af76,43ff733c00f70c84561c85ac99a031da,6eb8102e5d23cd46205f7f8fe6ae1cd7,06e62ed24b9870cea05f86eea6a64ed9,b13448ef3941922224c0c1faaa4f0a8c,5131b6ac27b23a1ec7a55bff0f8ecc8e,b5d211cff6626990765c09fc0baee056,40b12ea27562e0d91a1e82f9f8c068f9,e33955c1420d432e5068364af351ce13,f59c63330a00e381d10395214dce5765,9a62c611a217162bc1a8d1b3fc3ed97a,204ee75d3601ecfedc841d6fc85e2657,3d5a8d3ba880710d2625865cccddfee7,7e55c3a856522b6b1dc1e5a8e6d52e32,3369826ddfb442c9b73a2bd77fbe6722,1b41df5cb4ff6fb8f0314a0d02355c2a,89357e932c456ec9dc21558e1fc2b5c3,878e9ba56635e128fe41e4d47dd05132,98bc856d67897ce5487836d8aa7ed164,4c6b876a342dc860dd0c3a3902a92a3c,8e2dc1c553314e53e9e0564d854dc589,250eef1d653517eb1d70b8de859eda15,faab225b12d19094ffe62ffb56703935,db6e0388a9c6cc09ed6fb88df4565e18,54d0c47bb8d216f9e1c107bf44767d38,7accb3c22be94163f61f5b259f89f8b7,eadff130163d54904c2996104a756150,e5a92d43a334443eab9f2b91eaf31cde,9ac583a2544177d56fb47452a2a6e472,5c5ea002dda266a1b3e10d5efe4ffbc3,48e2c96f8623147963280e7ceff6f030,fdf432650e0ddf11669a60f92abfb8fe,6ca26cf96a261f332194d1eb90a1d313,14ca60cce076384596dc1c9dfed46126,dc7d2ea5574dfb347e1cd81e1d9b62c2,256fa3caaa62745d4a49cb4aca1f0a5d,1d2e6e23dbcb088c70c10e43c0e2cad0,b09c2641074eb959bc99bebd3013bac6,d4a8821f1610988335de4e844e488b24,ba237a7e2f5803959572f71ad8d1322c,58e88ffb889e6aee4762ada2f0918df8,52ae9987cfb8e7af522f7a404af7a665,1b468a9f4ce6a1804db9a53879451734,73cf2f30e583cf98fcf40c820b9d9600,25f2b525250e04b26fd8bfb92b79be7f,bbc7ad732472445f77ed2c24f23795e5,54a0647b4363fdce1c410ac2e7656526,188e19618ed0f058f898cea3992fec51,afece89d7ba44d48a85231676dc5ad41,da3163b768eecb09a315314437b44086
Strauss001-C11A,0,0,0,0,0,0,0,0,0,0,0,0,0,0,0,0,0,0.109460516,0,0.297107115,0,0,0,0,0,0,0,0,0.117279124,0,0,0,0,0,0,0.132916341,0,0.375293198,1.032056294,0,0.828772478,0,0.109460516,0,0,0,0,0,0,0,0,0,1.282251759,0,0,0,0,0,0,0,0,0,0,0,0,0,0,0,0,0,0,0,1.954652072,0,0,0,0,0,0,0,0,0,0,0,0,0,0,0,0,0,0.789679437,1.829554339,0,0,0,0,0,0,0.781860829,0,0,0.617670055,0.828772478,0.445660672,0.711493354,1.227521501,0,0,1.024237686,0,0,0,0.523846755,0,0.344018765,0,0,0,0,0,0,0,0,0,0,0,0.899139953,0,1.360437842,0,0,0,0,0,0,0,0,0,0,0,0,0,0.04691165,0,0,0.492572322,0,0.148553557,0,0,0,0,0,0,0,0,0,0,2.376856919,1.516810008,0,0,0.336200156,0,0.781860829,0,0,0,0.875684128,0,0.242376857,4.354964816,0.390930414,0,0,0.27365129,0,0,0.36747459,0.586395622,0.492572322,0.203283815,0.54730258,0,0,0,0.36747459,0,0,0.977326036,0.899139953,0,0,2.791243159,0.492572322,0,0,0.031274433,0,0,0,0,0.64112588,0,0.633307271,0.406567631,0.476935106,0,0,0.140734949,0.492572322,0,0,0,0,0,0.531665364,0,0.844409695,0,0,0,0.484753714,0,0,0,0,0,0,0,0,0,0,0,0,0,2.259577795,0,0,0.688037529,0.04691165,0,0,0,0,0,0,0,0,0,0.54730258,0,0,0,0.117279124,0,0,0,0.656763096,0,0,0.132916341,0.414386239,0,0,0.602032838,0,1.649726349,0,0.015637217,0,0,0,0,1.133698202,0,0,0,0,0.27365129,0,0,0,0,0,0,0,0,0,0,0,0,0,0,0,0.953870211,0,0,3.135261923,0,0,0.703674746,0,1.063330727,0,0,0,0,0.922595778,0,0,0,0,0,0,0,0,1.086786552,0,0,0,0,0,0,0,0,0,0,0,0,0,0.27365129,0,0,0.430023456,5.293197811,0.59421423,0,0,0,0.406567631,0,0,0,0,1.047693511,0.766223612,0.875684128,0.476935106,0,3.158717748,2.392494136,0,0.328381548,0.961688819,0.22673964,0,0,0,0,0,0,0,0,0,0,0,0,0.539483972,0,0,0,0.148553557,0,1.157154027,0,1.14151681,0,0,0,0,0,0,0,0,0.406567631,0,0,0.265832682,0,1.18842846,0,1.360437842,0.695856138,0,0,0,0,0,0,0,2.134480063,0,0,0,0,0,0,0,0,0.289288507,0,0,0,0,0,0,0,0,0,0,0,0,0,0.22673964,0,0,0,1.798279906,0.023455825,0,0,0,0,0,0,0,0,0,0,0,0,0,0,0,0,0,0,0.813135262,1.274433151,0,0,2.65050821,0,0,0,0,0,0,0,0,0,0,0,0,0,0.148553557,0,0,0,0,0,0,0,0,0,0,0,1.219702893,0,0.961688819,0.758405004,0.344018765,0.985144644,0,0,0,0,0,0,0,0,0,0,0,0,0,0,0,0,0,0,0,0,0.344018765,0,0,0,0,0,0,0,3.620015637,0,0,0,0,0,0
Strauss002-C31A,0,0,0,0,0,0,0,0,0,0,0,0,0,0,0,0,0,0,0.070183647,0.245642765,0,0,0,0,0,0,0,0.538074629,0,0,0.210550942,0,0,0,0,0,0,0,0.947479237,0,0,0,0,0,0,0,0,0,0,0,0,0.421101883,1.26330565,0,0,0,0,0,0,0,0,0,0,0,0,0,0,0,0,1.380278395,0,0,0.818809217,0,0,0.175459118,0,0,0,0,0,0,0,0,0,0,0,0,0,0,0.935781963,0.49128553,0,0,0.152064569,0.163761843,0,0,0,0,0.409404609,0,0,0,0,0.982571061,0,0,1.298397473,0.736928296,0.807111943,0,2.082114867,0,0,0.105275471,0,0,0,0,0,0,0,0,0,0.058486373,2.971107732,0.304129138,0.409404609,1.473856591,0,0,0,2.199087613,0,0,0,0,0,0.339220962,0,0,0,0.549771903,0,0,0.900690139,0,0.070183647,0,0,0,0,0,0.339220962,0,0,0,2.620189496,1.333489297,0,0,0,0,1.49725114,0,0,0,0,0,0,8.550707685,0,0,2.608492221,0,0,0,0,0,0,0,0,0,0,0,0,0,0,0,0,0,0,2.737162241,0,0,0,0,0,0,1.041057434,0,1.064451983,0,1.087846532,0,0,0,0,0,1.684407533,1.801380278,0,0,0.25734004,0.12867002,0,0,0,0,0,0.152064569,0,0,0,0,0,0,0,0,0,1.696104808,0,0,0,0,0,0.152064569,0,0.666744648,0,0,0,0,0,0,0,0,1.251608375,0,2.561703123,0,0,0,0.269037314,0,0,0,3.40390689,0,0,0.49128553,0,0,0,0,0,1.579132062,0.023394549,0,0,0.912387414,0,0,0,0,0,0,0,0,0,0,0,0.51468008,0,0,0,0,0,0,0,0,0,0,0,1.813077553,0,1.076149257,0,0,0,1.216516552,0,0,0,0,0,0,1.848169377,0,0,0,0,0,0,0,0,0,0,0,0,0,0,0,0,0.058486373,0,0,0,0,0,0,0,0,0,2.865832261,0.701836472,0,0,0,0,0,0,0,0,0,2.608492221,0,0,0,2.725464967,0,0,0,0.643350099,0,0,0,0,0,0,0,0,0,0,0,0,0,0.49128553,0,0,0,0,0,1.181424728,0,0,0,0,0,0,0,0,0,0,0.116972745,0,0,0,0,0,0,0.140367294,0,0.222248216,0.163761843,0,0,0,0,0,1.193122003,0,0,0,0,0,0,0,0,0,0,0,0,0,0,0,0,0,0,0,0.526377354,0,0,0,0,0,0,0.596561001,0,0,0,0,0,0,0,0.713533747,0,0.269037314,0,0,0,0,0,0,0,0,0,5.15849807,2.491519476,1.345186572,0,2.386244005,0,0,0,0,0,0,0,0,0,0,0,0,0,0,1.590829337,0,0,0,0,0,0,0,0,0,0,0,0,0.116972745,0,0,0,0,0,0,0,0,0,0,0,1.029360159,0,0,0,0,0.198853667,0,0,0.573166452,0,0,0,0,0,0,0,0,0,0,0,0,0,0,0,0,0,0
Strauss003-C51A,0,0,0,0.961025093,0,0,0,0,0,0,0,0,0,0,0,0,0,0,0,0,0,0,0,0,0,0,0,0,0,0,0.213561132,0,0,0.117458623,0,0,0,0.181526962,1.708489055,0,0,0,0,0,0,0,0,0,0,0,0,0.726107848,0,0,0,0,0,0,0.544580886,0,0,0,0,0,0,0,0,0,0,1.815269621,0.298985585,0,0,0,0,0,0,0,0,0,0,0.427122264,0,0,0,0,0,0,0,0,1.163908169,0,0.170848905,0,0,0,0,0,0,0,0,0,0,0,0,1.825947678,0.480512547,0,0,0,1.292044848,0,1.067805659,0,0,0,0,0,0,0,0,0,0,0,0,0,0.448478377,0,0.512546716,0,0.630005339,1.366791244,0,1.569674319,0,0,0,0,0,0,0,0,0,0,0.256273358,0,0.608649226,0,0,0.245595302,0,0,0,0.03203417,0.181526962,0,0,0,3.470368393,1.847303791,0,0.672717565,0,0,0.918312867,0,0,0,0,0,0,6.673785371,1.142552056,0,0.779498131,0,0,0,0,0,1.03577149,0,0,0,0,0,0,1.046449546,0,0,0,0,0,2.498665243,0.544580886,0,0,0,0,0,0,0,0.672717565,0,0.90763481,0,0.43780032,0,0,0,0.50186866,0,0,0,0.06406834,0,0,0,0,0,0,0,0,0,0,0,0,0,0,0,0,0,0,0,0,0,1.591030432,0.149492792,0.138814736,1.227976508,0,0,0,0,0.021356113,0,0,0,0.961025093,0,0,0,1.014415376,0,0,1.174586225,0,0,2.338494394,0,0,0,0,0,0,0.491190603,0,0,0.042712226,0.918312867,0,0,2.253069941,0,0,0,0,0,0,0,0,1.078483716,0,1.462893753,0,0,0,0,0,0,0,0,0,0,0,2.434596903,0,2.722904431,2.146289375,0,0,1.772557395,0,0,0,0,0,0,1.131873999,0,0,0,0,2.167645489,1.067805659,0,0,0,0,0,0,0,0,0,0,0,0,0,0,0,0,0,0,0,0,1.153230112,0,0,0,0,0,0,0,0,0,0,0.224239188,0,1.334757074,0,0.597971169,0,0,0,0,0,0,0,0,0,0,0,0,0,0,0,0,0,0,0,0,0,0.234917245,0,2.47730913,0,0,0,0,0,0,0,0,0,0.352375868,0,0,0,0,0,0,0,0.480512547,0,0,0,0,0,0,0,0.886278697,1.954084357,0,0,0,0,0.448478377,0,0,0.277629471,0.46983449,0,0,0.555258943,0,0,0,0,0,0,0,0,0,0,0,0,0,0,0.309663641,0,0,0,0,0,0,0,2.786972771,0,0,0,0,0,0,0,0,0,0,0,2.050186866,0,0,0,6.705819541,0,0,0,0,0,0,0,0,0,0,0,0,0,0,1.366791244,0,0,0,0,0,0,0,0,0,0,0,0,1.067805659,0,0,0.352375868,0,0,0,0,0,0,0,0.021356113,0.790176188,0,0,0.758142018,0.565936999,0,0,0,1.40950347,0,0,0,0,0,0,0,0,0,0,0,0,0,0,0,0,0,0
Strauss008-C11B,0,0,0,0,0,0,0,0,0,0,0,0,0,0,0,0,0,0,0,0,0,0.426742532,0,0,0,0,0,0,0,0,0.225225225,0,0.414888573,0,0,0,0,0.082977715,0,0,0.960170697,0,0,0.391180654,0,0,0.071123755,0,0,0,0,1.37505927,3.20056899,0.782361309,0,0,0,0,0,0.675675676,0,0,0,0,0,0,0,0,0,0,0,0,0.438596491,0,0,0,0,0,0,0,0,0,0,0,0,0,0,0,0,0,0,0.841631105,0,0,0,0,0,0,0,0,0,0,0,0,0,0,0,0,0.320056899,0,0,0,0,0,0,0,0,0,0,0.403034614,0,0.60455192,0,0,0,0,0,0,0,0,0,0,0,0.983878615,0,0,0,0.320056899,0,0.30820294,0,0,0,0.106685633,0,0,0,0,0,0,0,0.094831674,0,0,0,0,0,0,1.007586534,0,0,0,1.422475107,0,0,0,0,0,0,0,0,1.944049312,1.161688004,0,1.019440493,0,0,0,0,0,0,0,0,0,0,0,0,0,1.37505927,0,0.509720247,0,0.509720247,0,0.782361309,0,0,2.975343765,0,0,0,0,0,0,0,0,0,1.52916074,0,0,0,0,0.023707918,0,0,0,0,0,0,0,0,0,0,0,0,0.770507349,0,0,0,0,0,0,0,0,0,0,0,0,0,0,0,0,0,0,0,0,0,0.106685633,0,0.723091513,0,0,0,0.023707918,0.296348981,0.438596491,0,0,0,0,0.675675676,0,1.37505927,0,0,2.335229967,0,1.967757231,0,0,0,0,0,0,1.446183025,0,0,0,0,0,0,0.865339023,0,0,0,0,0,0,0.580844002,0,0,0,0,0,0,0,1.967757231,2.228544334,1.742532006,0,0,0,0,0.628259839,0,0,0,0,1.458036984,0,0,0,1.52916074,0,0,0,0,2.560455192,0.817923186,0,0,0.237079184,0,0,0,0,0,0,0,0,0,0,0,0,0,7.479848269,2.453769559,0,0,0,0,0.675675676,0,0,0.497866287,0,0,0,0,0,0.557136083,0,0,0,0,0,0,0,0,0,0,0,0,0,0,0,0,0,0.75865339,0,0,0,0.723091513,0,0.414888573,0,0,0,0,0,0,0,0,0,0,0,0,0,0,0,0,0,0,0,0,0,0,0,0,0,0,3.330962541,0,0,0,0,0,0,0,0,0,0,0,0,0,0,0,0,0,0.486012328,0,0,0,0,1.505452821,0,0,0.367472736,1.659554291,0,0,0.177809388,0,0,0,0.201517307,0.663821716,0,0,0,0,0,0,0,0,0.687529635,0,0,7.207207207,0,0,1.126126126,1.078710289,0,0,0,0,0,0.320056899,0,0,0,0,0,0,0,0,0,0,1.256519678,0,0,0,0,0,0.426742532,0,0,0.30820294,0,4.824561404,2.050734945,3.911806543,0.782361309,0,0,0,0,0,0,0,0,0.355618777,0,0,0,0,0.699383594,0,0,0.948316738,0,0,0,0,0,0,0,0,0,0,0,0,0,0,0,0,0,0
Strauss009-C31B,0,0,0,0,0,0,0,0,0,0,0,0,0,0,0,0,0,0,0,2.152956298,0,0.369537275,0,0,0,0,0,0,0,0,0,0,0,0,0,0,0,0,0,0,0.465938303,0,0,0,0,0,0,0,0,0,0,0.241002571,1.799485861,0,0,0,0,0,0,0,0,0,0,0,0,0,0.642673522,0,0,0,0,0,0,0,0,0,0,0,0,0,0,0,0,0,0,0,1.205012853,0,0,0,1.847686375,5.687660668,0,0,0,0.465938303,0,0,0,0,0,0,0,0,0,0,0,0,0,0,0,0,0,0,0,0,0,0.096401028,0,0,0,0,0,0.321336761,0.385604113,0,1.012210797,0,0,0,0,0,0,1.783419023,0,0,0,0,0,0,0,0,0,0,0,0,0.16066838,0,0,0,0,0,0,0,0,0,0.032133676,0,0,0,0,0,0,0,0,0,0,0,0,0.690874036,0,3.165167095,0,0,3.133033419,0,0,0,0,0,0,0,0,0,0,0,0,0,0,0,1.108611825,0,0,0,2.570694087,0,0,0,1.446015424,0,0,0,0,0,0.128534704,0,0,0,0,0,0,0,0,0,0,0,0,0,0,0,0,0,0,0,0,0,0,0,0,0,0,0,0,0,0,0,0,0.417737789,0,0,0,0,0,0,0,0,0,0,0,0,0.964010283,0,0,0,0.032133676,0,0,0,0,0,0,0,0,0,0,1.815552699,0,3.968508997,0,0,0,0,0,0,0,0,0,0,0,0,0,5.687660668,1.622750643,0,0,0,0,0,1.574550129,0,0,0,0,0,0,0,0,0,0,0,0,0,0,0,0,0,0,0,1.333547558,0,0,0,3.181233933,0,0,0,0,0.032133676,0,0,0,0,0,0,0,0,0,1.895886889,0,0,0,0,0,0,0,5.077120823,0.112467866,0,0,0.032133676,0,0,0,0,0,0,0,0,0,0,3.61503856,0,0,0,0,0,0,0,0,0,0,0,0,0,0,0,0,0,0,1.012210797,0,0,1.55848329,0,0,0,0.915809769,0,0,0,1.542416452,0.241002571,0,0,0,0,0,0,0,0,0,0,0,0,0,0,0,0,0,0,0,1.638817481,0,0,0,0,0,0,0,0.096401028,0.81940874,0,0.128534704,0,0,0,0,0,0,0,0,0,0,0,5.366323907,0,0,0,0.674807198,0,0,0,0,0,0,0,0,0,0,1.156812339,0,0,0,0,0,0,0,0,7.663881748,0,0,0,10.37917738,0,0,0.144601542,0,0,0,0,0,0,0,0,0,0,0,0,0,0,0,0,0,0,0,0.594473008,0,0,0,0,1.654884319,0,0,0.144601542,0,0,0,0,0,0,0,0,1.221079692,0,0,0,0,0,0,0,0,0,0,0,0,0,0,0.771208226,0,0,0,0,0,0,0,0,0,0,0
Strauss010-C51B,0,0,0,0,0,0,0,0,0,0,0,0,0,0,0,0,0,0,0,1.657385309,0,0,0,0,0,0,0,0,0.331477062,0,0,0,0,0,0,0,0,0,0,0,0.583399629,0,0,0,0,0,0,0,0,0,1.18005834,0.822063113,1.246353752,0,0,0,0,0,0,0,0,0,0,0,0,1.153540175,0,0,0,0,0,0,0,0,3.619729515,0,0,0,0,1.670644391,0,0.808804031,0,0,0,0,0,0,0,0,0,0,0,0,0,0,0,0,0,0,0,0,0,0,0,0,0,0,0,1.047467515,0,0.039777247,0,0,0,0,0,0,0,0,0,0,0,0,0,0,1.988862371,0,2.903739061,0,0,0,0,1.591089897,1.471758154,1.23309467,0,0,0,0,0,0,0,0,0,0,0,0,0,0,0.251922567,0,0,0,0,0,0,0,0,0,0,0,0,0,0.026518165,0,0,0,0,0,0,1.577830814,0,0,0.649695041,0,0,0,0,0,0,0,0,0,0,0,0,0,0,0,0.623176876,0,0,0,0.941394855,0,0,2.824184566,0,2.598780164,0,0,1.524794484,0,0,0,0,0,0,0,0,2.320339433,0,0,0,0,0,0,0.371254309,0,0,2.293821268,0,0,0,0,0,1.060726598,0,0,0,0,0,0,0,0,0,0.132590825,0,0,0,0,0,0,0,0,0,0.835322196,0,0,0.172368072,0,0,0,0,0,0,0,2.121453195,0,0,0,1.604348979,0,0,1.193317422,0,4.481569875,0,0,0,0,1.988862371,0,0,1.140281093,0.715990453,0,0,0,0,1.219835587,0.755767701,0.437549722,0,0,0,0,0,0,0,1.23309467,0,0,0,0,0,0,0.689472289,0,0,0,0,0,0,0,0,0,2.36011668,0,0,1.988862371,0,0,0.411031557,0,0,4.87934235,0,0,0,0,0,0,0,0,0,0.981172103,0,0,0.225404402,0,0,0,0,1.564571732,0,0,0,0,0,0,0,0,0,0,0,0,0,0.583399629,0.318217979,0,0,0,0,0,0,0,0,0,0,0,0,0,0,0,0,0,0,0.198886237,0.808804031,0,0.782285866,0,0,0,0,0,0,0,0,1.365685495,0,0.490586051,0,0,0,0,0,0,0,0,0,0,0,0,0,0,0,0,0,0,0,0,0,0,0,0,0,0,0,1.843012464,0,0,0,0,0,0,0,0,0,0,0,0,3.407584195,0,0,0,1.896048793,0,0.05303633,0,0,0,0,0,0.185627155,0,0,0,0,0,0,0,0,0,0,0,1.100503845,0,0,1.33916733,4.176610979,0,0,0,0,0,0,0,0,0,0,0,0,0,0.477326969,0,0,0,0.371254309,0,0,0,0,0.172368072,0,0,0,0,3.062848051,0,0.782285866,0.477326969,0,0,0,0,0,0,0,0,1.418721824,0,0,1.206576505,0,0,0,0.715990453,1.12702201,0,0,0,0.092813577,0,0,0,0,0,0,0,0,0,0,0,0,0,0
Strauss015-C11C,0,0,0,0,0,0,0,0,0,0,0,0,0,0.133353089,0,0,0,0,0,0,0,0,0,0,0,0,0,0,0,0,0.08890206,0.385242258,0.355608238,0,0,0.08890206,0,0,0,0,0.503778338,0,0,0,0,1.214994814,0,0.207438139,0,0,0.637131427,1.214994814,4.696992147,0,0,0,0,0,0,1.274262854,0,2.622610757,0,0,1.274262854,0,0.118536079,0,0,0,0,0,0,0,0,0,0.844569566,0,1.466883983,0,0,0,0,0,0,0,0,0,0,0,0,1.200177804,0,0,0,0,0,0,0,0,0,0,0,0,0,0,0,0,0,0,0,0,0,0,0,0,0,0,0,0,0,0,0,0,0.400059268,0,0,0,0,0,0,0,0,2.341087569,2.00029634,0,0,0,0,0,0,0,0,0,0,0,0,0,0,0,0,0,0,0,0,0,0,0,0,0,0,0,1.140909764,0,0,0,0,0,0,0,0,0,0,0,0,0,0,0,1.066824715,1.037190695,0,0,0,0,0,0,0,0,0,0,2.400355608,0.251889169,0,0,0,0,0,2.548525708,0,0,0,0,0.918654615,0,0,0,0,1.926211291,1.555786042,0,0,0,0,0,0,0,0,0,1.407615943,0,0,0.311157208,0,0,0,0.577863387,2.429989628,0,0,0,0,0,0,0,0,0,0,0.355608238,0,0,0,0,0,0,0,0.148170099,0,0,0,0,0,0,0,0,0,0,0,0,0,0,0,0,3.926507631,0,0,2.578159727,0,0,0,0,0,0,0,0,0,0,0,0,0,0,1.096458735,0,1.511335013,0,0,0,0,0,0,1.866943251,0,0,0,0,0,0,0,0,0,0,0,0,0,0,0,0,0,0,2.889316936,0,0,0,0,0,0,0,0,1.570603052,1.200177804,0,0,0,0,0,0,0,0,0,0,0.237072159,0,0,0,0,0,4.222847829,0.903837606,0,0,0,0.459327308,0.251889169,0,0,0.133353089,0,0,0,0,0,0,0,0,0,0,0,2.563342717,1.170543784,1.289079864,0,0,0,0,0,0.281523189,0,0,0,0,0,0,0,0,0,0,0,0,0.903837606,0,0,0,0,0,0,0,0,0,0,0,0,0,0,0,0,0,0,0,0,0,0,0.903837606,8.016002371,0,0,0,0,0,0,0,0,0,0,0,0,0,0,0,0.414876278,0,0,0,0.711216477,0,0,0.903837606,0,0,1.733590162,1.866943251,0,0,0,0,0,0,0,1.229811824,0,0,0,1.600237072,0,0,0.740850496,0,0,0,0,0,0,0,1.778041191,0,0,0,0,0,0,0.607497407,0.533412357,0,0,0,0,1.363164913,0,0,0,0,0,0,0,0,0,0,0,0,0,0,0,1.778041191,2.844865906,1.170543784,0.563046377,0,0,0,0,0,0,0,0,0.889020596,0,0,0,0,0,0,0,0,0,0,0,0.148170099,0,0,0,0,0,0,0,0,0,0,0,0,0,0
Strauss016-C31C,0.602696273,0,0,0,0,0,1.173671689,2.458366376,0,0,0,0,0,0,0,0,0,0,0,0.26962728,0,0.333068993,0,0,0,0,0,0,0,0,0,0,0,0,0,0.222045995,0,0,0.063441713,0,0.618556701,0,0,0,0,0,0,0,0,0,0,0,0,0,0,0,1.189532117,0,0,0,0,0,0,0,0,0,0,1.094369548,0,0,0,0,0,0,0,0,0,0,0,0,0,0,1.633624108,0,0,0,0,0.174464711,0,0,0,3.885804917,0,0,0,0,0,0,0,1.221252974,0,0,0,0,0,0,0,0,0.745440127,0,0,0,0,0,0,0,0,0.158604282,0,0,0,0,0,0,0,0,0,0,0.745440127,0,0,0,0,0,0,2.220459952,0,0,0,0,0,0,0,0,0,0,0,0,0,0,0,0,0.348929421,0,0,0,0,0,0,0,0,0,0,0,0,0,0,0,0,0,0,2.030134814,0,1.205392546,0,0,0,0,0,0,0,0,0,0,0,0.745440127,0,0,0.602696273,0,1.316415543,0,0,0,3.172085646,0,0,6.45519429,0,0,0,0,0,0,0,0,0,1.157811261,1.395717684,0,0,0,0,0,0,0,0,0,0,0,2.664551943,0,0,0,0,0,0,0,0,0,0,0,0,0,0,0,0,0.602696273,0,0.475812847,0,0,0,0,0,0,0,0,0,0,0,0,0,0,0,0,0,0,0,0,0,0,0.793021412,0.71371927,0,3.536875496,0,3.743061063,0,0,0,0,0,0,0,0,0,0,0,0,0,1.443298969,0,0,0,0,0,0,2.981760508,0,0,0,0,0,0,0,0,0,0,0,0,0,0,0,0,0,0,0,0,0,0,0,0,0,0,0,0,3.267248216,0,0.840602696,0,0,0,0,0,0,0.031720856,2.045995242,0,0,0.174464711,0,0,0,0,3.758921491,0,0,0,0,0,0,0,0,0,0,0,0,0,0,0,0,0,0,0,0,0,0.095162569,0,0,0,0,0,0,0,0,0,0,0,1.411578113,1.808088818,0,2.426645519,0,0,0,0.428231562,0,1.3481364,0,0.951625694,0,0,0,0,0,0,0,0,0,0,0,0,0,0,0,0,0,0,0,0,0.507533703,0,0,0,0,0,0,0,0,0,0,0,0,0,0,0,0.126883426,0,0.904044409,0,0,2.06185567,0,1.443298969,0,0.047581285,0.904044409,0,0,0,0,0,0,0,0,0,0,0,0,0,1.427438541,0.063441713,0,0,0,0,0,0,0,0,0,3.283108644,0,0,0,0,0.031720856,0,0,0,0,0,0,0,0.222045995,0,0,0,1.61776368,0,0.285487708,0,0,0,0.253766852,0,0,0,0,4.361617764,1.126090404,0,1.25297383,0.380650278,0,0.824742268,0,0,0,0,0,0,0,0,0,0,0,0,0,1.712926249,0,0,0,0,0.285487708,0,1.728786677,0,0.491673275,0,0.71371927,0,0.491673275,0.111022998,0,0.555114988,0,0
Strauss017-C51C,0,0,0,0,0,0,1.484938481,0,0,0,0,0,0,0,0,0,0.056569085,0,0,0,0,0.22627634,0,0.141422712,0,0,0,0,0,0,0,0.33941451,0,0,0,0,0,0,0,0,0,0,0,0,0,0,0.042426814,0.042426814,0,0,0,0,1.965775704,0,0,0,0,0,0,0,0,3.252722387,0,0,0.311129967,0,1.371800311,1.385942582,0,0,0,0,0,0,0,0,0,0,2.390043841,0,0,0,0,0,0,0,0,0,0,0,0,8.089379154,0,0,0,0,0,0,0,0.254560882,0,0,0,0,0,0,0,0,1.994060246,0,0,0,0,0,0,0,0,0,0,0,0,0,0.056569085,0,0,0,0.961674445,0,0,0,0,0,0,0,1.187950785,1.895064347,0,0,0,0,0,0,0,0,0,0,0,0,0,0,0,0,0,0,0,0,0,0,0,0,0,0,0,0,0,0,0,0,0,0,0,1.301088955,0,2.361759299,0,0,0,0.212134069,0.721255834,1.58393438,0,0,0,0,0,0.79196719,0,0,0,0,1.1313817,0,0,0,2.729458351,0,0.763682647,5.770046669,0,0,0,0,0.919247631,0,0,0,0,0,5.020506293,0,0,0,0,0,0,0,0,0,0,0,0,0,0,0.410125866,0,0,2.60217791,0,0,0,1.442511667,0,0,0,0,0,0,0,0,0,0,0,0,0,0,0,0,0.028284542,0,0,0,0,0,0.410125866,0,0,0,0,1.400084854,0,0,0,4.41238863,0,0,1.173808514,0,1.937491161,0,0,0,0,0,0,0,0,0,0,0,0,0,0.028284542,1.24451987,0,0,0,0.890963089,0,0,0.410125866,0,0,0,0,0,0,0,0,0.579833121,0,0,0,0,0,0,0,0,0,0.876820817,0,0,0,0,0,0,0,0,4.327535002,0,0,0,0,0,0,0,0,0,3.238580116,0,0.254560882,0,0,0,0,0,4.780087682,0,0,1.01824353,0,0,0,0,0,0,0,0,0,0,0,0.975816716,0,0,0,0,0,0,0,0.325272239,0,0,0,0,0,0,0,0,0,0,0.820251732,0,0,0.834394004,0,0,0,0,0,0.636402206,0,0,0.56569085,0,0,0,0,0,0,0,0,0,0,0,0,0,0,0,0,0,0,0,0,0,0,0,0,0,0,0,0,0,0,0,0,0,0,0,0,0,0.763682647,0,0,0,0,1.074812615,0,0,1.187950785,0.169707255,0.721255834,0,0,0,0,0,0,0,0,0,0,0,1.767783906,0,0,0,0,0,0,0,0,0,0,0,0,0,0.367699052,0,0,0.537406307,0,0,0,0,0,0,0,0,0,0.141422712,0.806109461,0,0,0.311129967,0,0.56569085,0,0,0,0,0,1.682930279,0,0.848536275,0,0,0,0.608117664,0,0.183849526,0,0,0,0,0,0,0,0,0,0,0,0,0,0,0,0,0,0,0,0,1.230377599,0,0.650544477,0,0,0,0,0,0,0
Strauss022-C12A,0,0,0,0,0,0,0,0,0,0,0,0,0,0,0,0,0,0,0,0,0,0,0,0,0,0.385976198,0,0,0,0,0,0,0,0,0,0,0,0,1.688645867,0,0,0,0,0,0,0,0,0,0,0,0,0,0,0,0,0,0,0,0,0,0,0,0,0,0,0,0,0,0,0,0,0,0,0,1.045352203,0,0,0,0,0,0,0,0,0,0,0,0,0,0,0,0.385976198,0.820199421,0,0,0,0.659376005,0,0,0,0,0,0,0,0,0,0,0,0,0.289482149,0,0,0,0,0,0,0,0,0,0,0.289482149,0,0,0,0,0,0,0,0,4.422643937,0,0,0,0,0,0,0,0,0,0,0,0,0,0,0,0,0,0,0,0,0,0,0,0,0,0,0,0,0,0,2.701833387,0,0,0,0,0,0,0,0,0,0,0,6.079125121,0,0,2.187198456,0,0,0,0,0,0,0,0,0,0,0,0,0,0,0,0,0,0,0,0,0,0,0,0,0,3.087809585,0,0,0,0,0,0,0,0,1.897716307,0,0,0,0,0,0,0,0,0,0,0,0,0,0,0,0,0,0,0,0,0,0,1.543904793,0,0,0,1.045352203,0.160823416,0,0.466387906,0,0,2.058539723,0,0,0,0,0,0,0,0,0,0.514634931,0,0,0,0,0,0.788034738,0,0,0,0,0,0,0,0,0,0,0,0,0,0,0,0,0,0,0,1.190093278,0,0,1.447410743,2.605339337,0,0,0,0,0,0,0,0,0,0,0,0,0,0,1.270504986,0,0,0,0,1.093599228,0,0.852364104,1.206175619,4.374396912,0,2.299774847,0,0,0,0,5.114184625,0,0,1.431328401,0,0,0,0,0,0,3.924091348,0,0,0,0,0,0,0,0,0,0,0,0,0,0,0,0,0,0,0,2.058539723,0,0,0,0.691540688,0,0,0,0,0,0,0,0,2.508845288,0,0,8.266323577,0,0,0,0,0,0,0,1.399163718,3.634609199,0,0,0,0,0,0.948858154,0,0,0,0,0,0,0,0,0,0,0,0,0,0,0,0,0,0,0,0,1.495657768,0,0,0,1.527822451,2.524927629,0,0,0,0,0,0,0,0,0,0,0,0,0,0,0,0,0,0,0,0,0.643293664,0,0,0,0,0,0,0,0,0,0,0,0,0,0,4.358314571,1.061434545,0,0,0,0,0,0,0,0,0,0,0,0.755870055,0,0,0,0,0,0,0,0,0,0,0,0,0,0,0,0,2.669668704,0,0,0,0,0,0,0,0,0,0,0,0.048247025,0,5.821807655,0,0,0.257317465,0,0,0,0,0,0,0,0,0,0,0,0,0,0,0,0,0,0,0,0,0,0,0,0,0,0,0,0,0,0,0,0,0,0,0
Strauss023-C32A,0,0,0,0,0,0,0,0,0,0,0,0,0,0,0,0,0,0,0,0,0,0,0,0,0,0.781093531,0.200280393,0,0,0,0,0,0,0,0,0,0,0,0,0,0,0,0,0,0,0,0,0,0,0,1.061486081,0.340476667,0.460644903,0,0,0,0,0,0,0,0,0,0,0,0,0,0,0,0,0,0.741037452,0,0,1.061486081,1.742439415,0,0,0,0,0,0,0,0,0,0,0,0,0,0,0,0,1.662327258,0,0,0,0,0.480672942,0,0,0,0,0,0,0,0,0,0,0,0,0,0,0,0,0,0,0,0,0,0,0.520729021,0,0,0,0.500700981,0,0,0.841177649,0,6.809533347,0,0,0,0,0,0,4.486280793,0,0,0,0,0,0,0,0,0,0,0,0,0,0,0,0,0,0,0,0,0,4.30602844,0,2.443420789,0,0,0,0,0,0,0,0,0,0,0,2.603645103,0,0,3.044261967,0,0,0,0,0,0,0,0,0,0,0,0,1.442018826,0,0,0,0,0,0,0,0,0,0,0,0,4.806729421,0,0,0,0,0,0,0,0,0,0,0,0,0,0,0,0,0,0,1.361906669,0,0,0,0,0,0,0,0,0,0,0,0,0,0,3.925495694,0,0,0,0,0.721009413,0,0,1.281794512,0,0,0,0.941317845,0,0,0,0,0,0.981373923,0,0,0,0,0,1.902663729,0,0,0,0,0,0,0.721009413,0,0,0,0,0,0,0,0,0,0,0,0,0,0,0,0,4.886841578,0,0,0,0,0,0,0,0,0.640897256,0,0,0,0,0,1.542159023,1.982775886,0,0,0,0,0,0.821149609,0,5.728019227,0,1.241738434,0,0,0,2.864009613,3.22451432,0,0,0,0,0,0,1.08151412,0,0,0,0,0,0,0,0,0,0,0,0,0,0,0,0,0,0,0,0,0,0,0,0,0,0,0.500700981,1.021430002,0,4.185860204,0,0,0,0,0,0,0,0,0,0,0,0,0,0,0,0,0,1.08151412,0,0,0,0,0,3.925495694,0,0,0,0,0,0,0,0,0,0,0,0,0,0,0,0,0,0,0,0,0,0,0,0,0,0,0,0,0,0,0,0,0,0,0,0,0,0,1.442018826,0,0,0,0,0,0,0,0,0,0,0,0,0,0,0,0,0,0,0,0.54075706,0,0,0.921289806,1.241738434,0,1.161626277,0,0,0,0,0,0,0,0,0,1.021430002,0,0.941317845,0,0,0,0,0.861205688,0,0,0,0,0,0,0,1.001401963,1.321850591,0,0,0,0,0,0,0,0,0,0,0,0,1.942719808,0,0.480672942,0,0,0,0,0.220308432,0,0,0,0,0,0,0,0,0,0,0,0,0,0,0,0,0,0,0,0,0,0,0,0,0,0,0,0,0,0,0,0,0
Strauss024-C52A,0,0,0,0,0,0,0,0,0,0,0,0,0,0,0,0,0,0,0,0,0,0,0,0,0,0,0,0,0,0,0,0,0,0,0,0,0,0,1.765188834,0,0,0,0.082101806,0,0,0,0,0,0,0,0,0,0,0,0,0,0,0,0,0,0,0,0,0,0,0,0,0,0,0,0,0,0,0,0,0,0,0,0,0,0,0,0,0,0,0,0,0,0,0,0,2.668308703,0,0,0,0,0.246305419,0,0,0,0,0,0,0,0,0,0,0,0,0,0,0,0,0,0,0,0,0,0,0,0,0,0,0,0,0,2.565681445,0,6.958128079,0,0,0,0,0,0,3.879310345,0,0,0,0,0,0,0,0,0,0,0,0,0,0,0,0,0,0,0,0.225779967,0,0,0,0,0,0,0,0,0,0,0,0,0,0,0,0.738916256,0,0,3.243021346,0,0,0,0,0,0,0,0,0,0,0,0,0,0,0,0,0,0,0,0,0,0,0,0,0,5.377668309,0,1.375205255,0,0,0,0,0,0,0,0,0,0,0,0,0,0,0,0,1.416256158,0,0,0,0,0,0,0,0,0,0,0,0,0,0,0,0,1.559934319,0,0,0,0,0,2.463054187,0,0,0,7.676518883,0,0,0,0,0,0.985221675,0,0,0,0,0,0,0,0,0,0,0,0,0,0,0,0,0,0,0,0,0,0,0,1.354679803,0,0,0,0,0,1.867816092,0,0,0,0,0,0,0,0,0,0,0,0,0,0,0,0,0,0,0,0,0,0,0,9.60591133,0,1.949917898,0,0,0,1.067323481,0,0,0,0,0,0,0,0,0,0,1.867816092,0.862068966,0,0,0,0,0,0,0,1.005747126,0,0,0.554187192,0,0,0,0,0,0,0,1.272577997,0.738916256,0,0,0,0,0,4.679802956,0,0,0,0,0,0,0,0,0,0,0,0,0,0,0,0,0,2.483579639,0,0,0,0,0,1.724137931,0,0,0,0,0,0,0,0.328407225,0,0,0,0,0,0,0,0,1.559934319,0,0,0,0.903119869,0,0,0,0,0,1.703612479,0.102627258,0,0,0,0,0,0,1.005747126,0,0,0,0,0,0,0,0,0,0,0,0,0,0,0,0,0,0,0,0,0,0,0,0,0,0,3.55090312,1.457307061,0,0,0,0,0,0,0,0,0,0,0,2.442528736,0,1.252052545,2.565681445,0,0,0,0,0,0,0,0,0,0,0,0,0,0,0,0,0,0,0,0,0,0,0,0,0,0,0,3.530377668,0,0.574712644,0,0,0,0,0,0,0,0,0,2.709359606,0,0,0,0,0,0,0,2.052545156,0,0,0,0,0,0,0,0,0,0,0,0,0,0,0,0,0,0
Strauss029-C12B,0,0,0,0,0,0,0,0,0,0,0,0,0,0,0,0,0,0,0,0.384501627,0,0,0,0,0,0,0,0,0,0,0,0,0,0,0,0.207039337,0,0,0,0,0.769003253,0,0,0,0,0,0,0,0,0,0,0.443655723,2.366163857,0,0,0,0,0,0,0,0,0,0,0,0,0,0,0,0,0,0,0,0,0,1.242236025,0,0,0,0,0,0,0,0,0,0,0,0,0,0,0,0,0,0,0,0,0.709849157,0,0,0,0,0,0,0,0,0,0,0,0,0,0,0,0,0,0,0,0,0,0,0,0,0,0,0,0,0,0,0.621118012,0,0,0,0,0,0,0,0,0,0,0,0,0,0,0,0,0,0,0,0,0,0,0,0,0,0,0,0,0.177462289,0,0,0,0,0,0,0,0,0,0,0,0,0,0,0,0,0,0,0,0,0,0,0,0,0,0,0,0,0,0,0,0,0,0,0,0,0,0,0,0,0,0,0,4.406980183,0,0,0,0,0,0,0,0,0,0,0,0,0,0,0,0,0,0,0,0,0,0,0,0,0,0,1.626737652,0,0,0,0,0,0,0,0,0,0,0,0,0,0,0,0,0,0.857734398,0,0,0,0,0,0,0,1.242236025,0,0,0,0,0,0,0,0,0,1.538006507,0,0,0,0,0,0,0,0,0,0,0,0,0,4.821058858,0,4.229517894,0,0,0,0,0,0,0,0,0,0,0,0,0,0,0,0,0,0,0,0,0,0,0,0,0,0,0,3.992901508,0,5.205560485,0,0,0,0,0,0,0,0,0,0,0,0,0,0,6.536527655,0,0,0,0,0,0,0,0,0,4.732327714,0,0,0,0,0,0,0,0,0,0,0,1.685891748,0,0,0,0,0,0,0,0,0,0,4.081632653,1.685891748,0,4.643596569,1.064773736,1.6563147,0,0,0,0,0,0,0,0,0,0,0,0.295770482,0,0,0,0,0,0,1.538006507,0,0,0,0,0,0,0,0,0,0,0,0,0,0,0,0,0,0,7.187222715,1.15350488,2.425317953,0,0,0,0,0,0,0,0,0,0,0,0,0,0,0,0,0,0,0,0,1.626737652,0,0,0,0,0.798580302,0,0,0,0,0,0,0,0,3.667553978,0,0,2.011239278,0,0,0,0,0,2.48447205,0,0,0,0,0,0,0,0,0.059154096,0,0,0,0,0,0,0,0,0,0,0,1.419698314,0,0,0,0,0,0,0,0,0,0,0,0,0,12.95474712,0,0,0,0,0,0,0,0,0,0,0,0,1.449275362,0,0,0,0,0,0,0,0,0,0,0,0,0,0,0,0,0,0,0,0,0,0,0,0,0
Strauss030-C32B,0,0,0,0,0,0,0,0,0,0,0,0,0,0,0,0,0,0,0,1.339456563,0,2.946804439,0.382701875,0,0,0,0,0,0,0,0,0,0,0,0,0.574052813,0,0,0,0,2.181400689,0,0,0,0,0,0,0.15308075,0.114810563,0,3.138155377,0,0,0,0,0,0,0,0,0,0,0,0,0,0,0,1.033295063,0,0,0,0,0,0,0,6.008419441,0,0,0,2.602372752,0,0,0,0,0,0,0,0,0,0,0,0,2.755453502,0,0,0,0,0,0,0,0,0,0,0,0,0,0,0,0,0,0,0,0,0,0,0,0,0,0,0,0,1.875239189,0,0,0,0,0,0,0,0.076540375,0,0,0,0,0,0,3.023344814,0,0,0,0,0,0,0,0,0,0,0,0,0,0,0,0,0,0,0,0,0,0,0,0,0,0,0,0,3.482587065,0,0,0,0,0,0,0,0,0,0,0,0,0,0,0,0,0,0,0,0,0,0,0,0,0,0,0,0,0,0,0,0,0,0,0,10.63911213,0,0,0,0,0,0,0,0,0,0,0,0,0,0,0,0,1.148105626,0,0,0,0,0,0,0,0,0,0,0,0,0,0,2.104860314,0,0,0,0,0,0,1.569077688,0,0,0,0,0,0,0,0,0,0,0,0,0,0,0,0,0,0,0,0,0,0,0,0,0,0,0,0,0,0,0,0,0,0,0,0,0,0,0,0,0,0,0,0,0,0,0,0,0,0,0,0,0,0,0,0,0,0,0,0,0,0,0,0,0,0,0,0,0,0,0,0,10.75392269,0,0,0,0,4.668962878,0,0,0,0,0,0,0,0,0,0,0,0,0,0,0,0,0,0,0,0,0,0,0,0,0,0,0,0,0,0,0,0,0,0,0,0,0,0,0,0,0,0,0,0,0,0,0,0,0,0,0,0,0,0,0,0,0,0,0,0.995024876,0,0,0,0,0,0,0,0,0,0,0,0,0,0,0,0,0,0,0,0,0,0,0,12.13164945,0,0,0,0,0,0,0,0,0,0,0,0.535782625,0,0,0,0,0,0,0,0,2.985074627,0,0,0,0,0,0,0,0,0,0,0,0,0,4.592422503,0,0,0,0,0,0,0,0,2.946804439,0,0,0,0,0,0,0,0,0,0,0,0,0,0,0,0,0,0,0,0,0,1.339456563,0,0,0,0,0,0,0,0,0,0,0,0.191350938,0,0,0,0.191350938,0,0.45924225,0,0,0,0,0,0,0,0,0,0,0,0,0,0,10.21814007,0,0,0,0,0,0,0,0,0,0,0,0,0,0,0,0,0,0.841944126
Strauss031-C52B,0,0,0,0,0,0,0,0,0,0,0,0,0,0,0,0,0,0,0,0,0,0,0,0,0,0,0,0,0,0,0,0,0,0,0,0,0,0,0,0,0,0,0,0,0.959441779,0,0,0,0,0,0,0.65416485,0,0,0,0,0,0,0,0,0,0,0,0,0,0,1.264718709,0,0,0,0,0,0,0,0,0,0,0,4.840819887,0,0,0,0,0,0,0,0,0,0,0,0,4.884430877,0,0,0,0,0,0,0,0,0,0,0,0,0,0,0,0,0,0,0,0,0,0,0,0,0,0,0,0,0,0,0,0,0,0,0,0,6.585259485,0,0,0,0,0,0,0,0,0,0,0,0,0,0,0,0,0,0,0,0,0,0,0,0,0,0,0,0,0,0,0,0,0,0,0,0,0,0,0,0,0,0,0,0,0,0,0,0,0,0,0,0,0,0,0,0,0,0,0.56694287,0,0,0,0,0,0,0,0,0,0,0,0,9.201918884,0,0,0,0,0,0,0,0,0,0,0,0,0,0,0,0,0,0,0,0,0,0,0,0,0,0,5.407762756,0,0,0,0,0,0,0,0,0,0,0,0,0,0,2.529437418,0,0,0,0,0,0,0,0,0,1.395551679,0,0,0,0,0,0.47972089,0,0,0,0,0,0,0,0,0,0,0,0,0,0,0,0,0,9.638028783,0,0,0,0,0,20.8896642,0,0,0,0,0,0,0,0,0,0,0,0,0,0,0,0,0,0,0,0,0,0,0,6.672481465,0,2.616659398,0,0,0,0,0,0,0,0,0,0,0,0.784997819,0,0,2.311382468,0,0,0,0,0,0,0,0,0,0,0,0,0,0,0,0,0,0,0,0,0,2.006105539,0,0,0,0,0.61055386,0,0,0,0,0,0,0,0,0,0.741386829,0,0,0,0,0,0,0,0,0,0,0,0,0,0,0,0,0,0,0,1.177496729,0,0,0,0,0,0,0,0,0,0,0,0,0,0,2.354993458,0,0,0,3.314435238,0,0,0,0,0,0,0,0,0,0,0,0,0,0,0,0,0,0,0,0,0,0,0,0,0,0,0,0,0,0,0,0,0,0,0,0,0,0,0,0,0,0,0,0,0,0,0,0,0,0,0,0,0,0,0,0,0,0,0,0,0,0,0,0,0,0,3.706934147,0,0,0,0,0,0,0,0,0,0,0,1.395551679,0.915830789,0,0,0,0,0,2.093327519,0,0,0,0,0,0,0,0,0,0,0,0,0,0,0,0,0,0,0,0,0,0,0,0,0,0,0,0,0,0,0,0,0
Strauss036-C12C,0,0,0,0,0,0,0,0,0,0.632271118,0,0,0,0,0,0,0,0,0,1.163378857,0,0.278199292,0,0,0,0,0,0,0,0,0,0.42994436,0,0,0.126454224,0,0,0,0,0,0.682852807,0,0,0,0,0,0.050581689,0,0,0,0,0,4.172989378,1.087506323,0,0,2.604957006,2.529084471,0,0,0,0,0.101163379,0,0,0,0,0,0,0,0,0,0,0,0,0,0,0,0,0,0,0,0,0,0,0,0,0,0,0,0,2.731411229,0,0,0,0,0,1.188669702,0,0,0,0,0,0,0,0,0,0,2.63024785,0,0,0,0,0,0,0,0,0,0,0.151745068,0,0,0.885179565,0,0,0,0,0,0,0,0,0,0,2.048558422,2.857865453,0,0,0,0,0,0,0,0,0,0,0,0,0,0,0,0,0,0,0,0,0.91047041,0,0,0,0,0,0,0,0,0,0,0.303490137,0,0,0,0,1.947395043,0,0,0,0,0,0,0,0,0,0,0,0,0,0,0,0,0,0,2.377339403,0,0,0,0,0,0,0,0,0,0,0,1.947395043,0,0,0,0,0,0,0,0,0,0,0,0.48052605,0,0,0,0,0,0,0,0,0.252908447,0,0,0,0,0,0,0,0,0,0,0,0,0,0,0,0,0,0,0,0,0,0,0,0,0,0,0,0,0,1.719777441,0,0,0,0,1.036924633,0,0,0,0,0,0,4.425897825,0,0,0,0,0,0,0,0,0,0,4.982296409,0,0,0,0,0,16.31259484,0,0,0,0,0,0,2.175012645,0,0,0,0,0,0,0,0,0.505816894,0,0,0,0,0,0,0,0,0,3.06019221,0,0,0,0,0,0,0,0,1.28983308,0,0,0,0,0,0,0,0,0,0,0,0,0,0,0,0,0,2.453211937,0.455235205,0,0,0,0,0,0,0,0,0,0,0,0,0,0.42994436,0,0,0,0,0,0,1.163378857,2.427921093,0,0,0,0.379362671,0,0,0,0,0,0,0,0,1.466868993,0,0,0,0,0,0,0,0,0,0,0,0,0,0,0,0,0,0,0,0,0,0,0,0,0,0.657561963,0,0,1.77035913,4.223571067,0,0,0,0,0,0,0,0,0,0,0,0,0,0,0,0,0,0,0,0,1.239251391,0,0,0,0,0,0,0,0,0,0,0,0,0,1.517450683,0,0,0,2.023267577,0,0,0,0,0,0,0,0,0,0,0,1.466868993,0,0,0,0,0,0,0,0,0,0,0,0,0,0,0,0,0,0,0,0,0,0,0,0,0,0.758725341,0,0,2.326757714,0,0.682852807,0,0,0,0.404653515,0,0,0,0,0,1.441578149,0,0,0,0,0,0,0,0,0,0,0,0,0,0,0,0,0,0,0,2.63024785,0,0,0,0,0
Strauss037-C32C,0,0,4.355069015,0,0,3.712517849,0,0,0.666349357,1.59447882,0,0,1.261304141,0,0,0,0,0,0,1.23750595,0.333174679,0,0,0,0,0,0,0,0,0,0,0,0,0,0,0,0,0,0,0,0,0,0,0,0.380771061,0,0,0,0,0,0,0,3.807710614,0,6.092336982,0,0,0,0,0,0,0,0,0,0,0,0,0,0,0,0,0,0,0,5.378391242,0,0,0,0,0,0,0,0,0,0,0,0,0,0,0,0,0.928129462,0,0,0,0,0.999524036,0,0,0,0,0,0,0,0,0,0,0,0,0,0,0,0,0,0,0,0,0,0,0,0.142789148,0,0,0,0,0,0.309376487,0,1.451689672,0,0,0,0,0,0,0,0,0,0,0,0.237981913,0,0,0,0,0,0,0,0,0,0,0,0,0,0,0,0,0,0,0,0,0,0,0,0,0,0,0,0,0,0,1.166111376,0,0,0,0,0,0,0,0,0,0,0,0,0,0,0,0,0,0,0,0,0,0,0,0,0,6.853879105,0,0,0,0,0,0,0,0,0,0,0,0,0,0,0,0,0,0,0,0,0,0,0,0,0,0,0.071394574,0,0,0,0,0,0,0,0,0,0,0,0,0,0,0.951927653,0,0,0,0,0,0,0,0,0,0,0,0,0,0.547358401,0,0,0,0,0,0,0,0,2.998572109,0,0,2.356020942,1.808662542,0,0,0,0,0,0,0,0,0,3.831508805,0,2.617801047,0,0,0,3.712517849,0,0,0,0,0,0,0,0,0,0,0,0,0,0,0,0,0,0,0,0,0,0,0,0,1.118514993,0,0,0,0,0,0,0,0,0,1.808662542,0,1.808662542,0,0,0,0,0.71394574,0,0,0,0,0,0.618752975,0,0,0,0,0,0,0,0,0,0,0,0,0,0,0,0,0,0,0,0,0,0,0,0,0,0.809138505,0,0,0.928129462,0,1.023322228,0,1.23750595,0,0,0,0,0,0,0,0,0,0,0,0,0,1.047120419,0,0,2.49881009,2.165635412,0,0,0,0,0,0,0,0,0,0,0,0,0,2.022846264,0,0,0.142789148,0,0,0,0,0,0,0,0,0,0,0,0,0,0,0,0,0,0,0,1.570680628,0,0,0,0,0,0,0,0,0,0,0,0,0,0,0,0,0,1.832460733,0,0,3.783912423,4.545454545,0,0,0,0,1.404093289,0,0,0.071394574,0,0,0.737743931,0,0,0,1.713469776,0,0,0,0,0,0,0,0,0,0,0,0,0,0,0,0,0,0,0,0,0,0,0,0,5.473584008,0.309376487,0,0.809138505,0,0,0,0,0,0,0,0,0,0,0,0,0,0,0,0,0,0,0,0,0,0,0,0,0,0,0,0,0,0,0,0,0,0,0
Strauss038-C52C,0,0,3.399892067,0,0,0,0,0,0,4.31732326,0,0,0,0,0,0,0,0,0,1.241230437,0,0,0,0,0,0,0,0,0,0,0,0,0,0,0,0,0,0,0,0,0,0,0,0,0.647598489,0,0,1.511063141,0,0,0,1.079330815,0,0,0,0,0,0,0,0,0,0,0,0,0,0,0,0,0,0,0,0,0,0,0,0,0,0,0,0,0,0,0,0,0,0,0,0,0,0,0,0,0,0,0,0.485698867,0,0,0,0,0,0,0,0,0,0,0,0,0,0,0,0,0,0,0,0,0,0,0,0,0,0,0,0,0,0,0,0,0,0,0,0,0,0,0,0,0,0,0,0,0,0,0,0,0,0,0,0,0,0,0,0,0,0,0,0,0,0,0,0,0,0,0,0,0,0,0,0,0,0,0,0,0,0,0,0,0,0,0,0,0,0,0,0,0,0,0,0,0,0,0,0,0,0,0,0,0,0,0,0,0,0,0,0,0,0,0,0,0,0,0,0,0,0,0,0,0,0,0,0,0,0,0,0,0,0,0,0,0,0,0,0,7.717215326,0,0,0,0,0,0,0,0,0,2.590393956,0,0,0,0,0,0,0,0,0,0,0,0,0.161899622,0,0,0,0,0,0,6.260118726,0,0,6.422018349,0,0,0,0,0,0,0,0,0,0,1.726929304,0,0,0,0,0,0,0,0,0,0,0,0,0,0,0,4.263356719,0,0,0,0,0,0,0,0,0,0,0,0,0,0,0,0,0,0,0,0,0,0,0,0,0,0,0,0,0,0,0,0,0,0,0,0,0,0,0,0,0,0,0,0,0,0,0,0,0,0,0,0,0,0,0,0,0,0,0,0,0,0,0,0,0,0,1.511063141,0,0,0,0.75553157,0,0,0,0,0,0,0,0,0,0,0,0,0,0,0,0,3.291958985,2.536427415,0,0,0,0,0,0,0,0,0,0,0,0,0,5.990286023,0,0,0,6.260118726,0,0,0,0,0,0,0,0,0,0,0,0,0,0,0,0,0,0,0,0,0,0,0,0,0,0,0,0,0,0,0,0,0,0,0,0,5.126821371,0,0,3.507825148,5.450620615,0,0,0,0,0,0,0,0,0,0,0,0,0,0,0,0,0,0,0,0,0,0,0,0,0,0,0,0,0,0,0,0,0,0,0,4.31732326,0,0,0,17.80895845,0,0,1.618996222,0,0,0,0,0,0,0,0,0,0,0,0,0,0,0,0,0,0,0,0,0,0,0,0,0,0,0,0,0,0,0,0,0,0,0
Strauss043-C21A,0,0,0,0,0,0,0,0,0,0,0,0,0,0,0,0,0,0,0,0,0,0,0,0,0,0,0,0,0,0,0,0,0,0,0,0,0,0.488819553,2.392095684,0,0,0.405616225,0,0,0,0,0,0.031201248,0,0,0.20800832,0,0.852834113,0,0,0,0,0,0,0,0,0,0,0,0,0,0,0,0.759230369,0.530421217,0,0,0.416016641,0,0.166406656,0,0,0.696827873,0,0,0.790431617,0,0,0,0,0,0,0,0,0,0,0.676027041,0,0,0,0,0,0,0.187207488,0,0,0.748829953,0.228809152,0,0.686427457,0.613624545,0,0,0.915236609,0.228809152,1.22724909,0,0.603224129,0,0.228809152,0,0,0,0,0,0,0,0,0,0,0,2.038481539,0,0,0,0,0,0.582423297,1.53926157,0,0,0,0,0,0.904836193,0,0,0,0,0,0,0,0.135205408,0,0,0,0,0,0,0,0,0,0,2.288091524,5.637025481,0,0,0,0,0,0,0,0,0,0,0,5.553822153,0,0,0,0,0,0,0,0,0,0,0,0,2.236089444,0,0,0,0,1.112844514,0.551222049,0,0,1.456058242,0,0,0,0,0,0,0,0,0.956838274,0,1.040041602,0,0,0,0,0,0,0,0,0.031201248,0,0,0,0,0,0,0,0,0,0,0,0,0,0,0,0,0,0,0,0,0,0,0,0,0,0.353614145,0,0,0,0,0,0,0,0,1.757670307,0,0,0,0,0,0,0,0,0,1.924076963,0,0,0,0,0,0,0,0,0.915236609,0.873634945,0,0,0.644825793,0,0,0.998439938,0,0,0,0,0,0,0,0,0,0,0,0,0,0,0,0,0,0,0,0,1.393655746,0,0.717628705,5.158606344,0,0,0.696827873,0,1.12324493,0,0,0,0,1.560062402,0,0,0,0.364014561,2.319292772,0.187207488,0,0,0,0,0,0,0.2600104,0,0,0.062402496,0,0,0,0,0,0,0,0,0,0.218408736,2.683307332,1.07124285,0,0,0,0,0,0,0,0,0,1.643265731,1.01924077,0,0.228809152,3.858554342,3.546541862,0.946437858,1.851274051,0,0,0,0,0,0,0,0,0,0,0,0,0,0,1.560062402,0,0,0,0,0,0.728029121,0,0,0,0,0,0,0,0,0,0,0,1.154446178,0,0,0.904836193,0.592823713,0.582423297,2.849713989,0.343213729,0.197607904,0,0,0,0,0,0,0,0,0,0,0,0,0,0,0,0.551222049,0,0.062402496,0,0.956838274,0,0,0,0,0,0,0,0.509620385,0,0,0,0,0,0,0,0,0,0,0,0,0,0,0,0,0,0,0,0,0,0,0,0,0,2.412896516,2.007280291,0,0.416016641,0.592823713,0.291211648,0,0,0,0,0,0,0,0,0,0,0,0,0,0,0,0,0,0,0,0,0,0,0,0,1.684867395,0,0.218408736,0,0,0.988039522,0,0,0,0,0,0,0,0,0,0,0,0,0,0,0,0,0.436817473,0,0,0,0,0,0,0,0,0,0,0,1.352054082,0,0,0,0,0,0.083203328
Strauss044-C41A,0,0,0,0,0,0,0.472131148,0,0,0,0,0,0,0,0,0,0,0.432786885,0,0,0,0.249180328,0,0,0,0,0,0,0,0,0.183606557,0,0,0,0,0,0,1.796721311,1.363934426,0,0,0,0,0,0.22295082,0,0,0,0,0,0,0,0,0,0,0,0,0,0,0,0,0,0,0,0,0,0,0,0.944262295,0,0,0,2.045901639,0,0,0,0,0,0,0,0,0,0.760655738,0,0,0,0,0,0,0,0,0.708196721,0,0,0,0,0,0,1.704918033,0,0,0.078688525,0,0,0,0,0,0,0.786885246,0.918032787,1.206557377,0,1.298360656,0,0.157377049,0,0,0,0,0,0,0,0,0,0,0,5.259016393,0,1.66557377,0,0,0,0,0.957377049,0,0,0,0,0.183606557,0,0,0,0,0,0,0,0,0,0,0,0,0,0,0,0,0,0,0,4.196721311,1.455737705,0,0,0,0,0.616393443,0,0,0,0,0,0,5.049180328,0,0,1.927868852,0,0,0,0,1.298360656,0,0,0,0,2.059016393,0,0,0,0,0,0,0,0,0,0.681967213,0,0,0,0,0,0,0,0,0,0,0,0.550819672,0.039344262,0,0,0,0,0,0,0.196721311,0,0,0,0,0,0,0,0,0,0,0,0,0,0,0.393442623,0,0,0,0,0,0,1.586885246,0,0,1.875409836,0,0,0,0,0,0,0,0.236065574,0,0,0.944262295,0,1.6,0,0,0,0,0,1.809836066,0,0.301639344,0.170491803,0,0,0,0.708196721,0,4.170491803,0,2.059016393,0,0,0,0,0,0,0,0,0,0,0,1.127868852,0,0.73442623,0,0,0,0,0,0,0,0,0,0,0,0,0,0,0,0,0,0,0,0,0,0,0,0,0,0,1.114754098,0,0,0,0,0,0,2.059016393,0,0,0,0.314754098,0.091803279,0,0,0,0,0,0,0.131147541,0,0,0,0,0,4.432786885,0,0,0,0,1.140983607,1.272131148,0,0,0,0,0,0,0.275409836,0,0.28852459,0,0,0.839344262,2.11147541,0,0,0,0,0,0,0,0,0,0,0,0,0,1.049180328,0,0,0,0.537704918,0,1.875409836,0,1.245901639,0,0,0,0,0,0,0,0,0,0,0,0,0,0,0,0,0,0,0,0,0.498360656,0,0,0,0.918032787,0,0,0,0,0,0,0,0,0.970491803,0,0,0,0,0,0,0,0,0,0,0,0,0,0,0,0,0,0,0,0,0,0,0,0,0,1.586885246,0,0,0,0,0,0,0,0,0,0,0,4.196721311,2.11147541,2.150819672,0,4.445901639,0,0,0,0,0,0,0,0,0,0,0,0,0,0,0,0,0,0,0,0,0,0,0.275409836,0,0,0.931147541,0,0.73442623,0,2.321311475,0.891803279,0,0,0,0,0,0,0,0,0,0,0,0,0,0,0,0,0,0,0,0,0,0,0,0,0,0,0,0,0,0,0,0,0,0,0
Strauss045-C61A,0,0,0,0,0,0,0,0,0,0,0,0,0,0,0.248207391,0,0,0,0,0.703254275,0,0,0,0,0,0,0,0,0,0,0,0,0,0,0,0,0,0.330943188,2.095973525,0,0,0,0,0,0.317153889,0,0,0,0,0,0,0.303364589,0,0,0,0,0,0,0,0,0,0,0,0,0,0,0,0,0,0,0,0.82735797,0,0,0,0,0,0,0,0,0,0,0,0.882515168,0,0,0,0,0,0,0,0.634307777,0,0,0,0.317153889,0,0,0,0,0,0,0,0,0,1.461665747,0.689464975,0,0.979040265,0.165471594,0.910093767,0,0.427468285,0,0.137892995,0.386100386,0,0,0,0,0,0,0,0,0,0,1.66850524,0.482625483,0.330943188,0,0,0,0,1.66850524,0,0,1.640926641,0,0,0,0,0,0,0,0,1.034197463,0.482625483,0.261996691,0,0.151682295,0,0,0,0,0,0.096525097,0,0,0,6.577495863,0.027578599,0.689464975,0,0,0,0,0,0,0,0,0,7.115278544,0,0,2.302813017,0,0,0,0,0,0,0,0,0,0,0,0,0,0,0,0,0,0,2.316602317,0.620518478,0,0,0,0,0,0,0,1.571980143,0,1.254826255,0,0,0,0.399889686,0.261996691,1.075565361,0,0,0,0,0,0,0,0,0,0,0,0,0,0,0,0,0,0,0,0,0,0,0,0,0,0,0.441257584,0.165471594,1.999448428,0,0,0,0,0,0,0,0,0,0,0,0,0,0,0,0,0,0,1.461665747,0,0,0,0,0,0,0.441257584,0,0,0,0,0,0.703254275,0,0,0,0,0,0,0,0,0,0,0,0.510204082,0,0,0,0,0,0,0,0,0,0,1.930501931,2.7716492,0,2.302813017,3.295642581,0,0,0,0,0.606729178,0,0,0.951461666,0,1.571980143,0,1.461665747,0,0,0,2.164920022,0,0,3.102592388,0,0,0,0,0,0,0,0.179260894,0,0,0,0,0,0,0,0,0,2.454495312,0.537782681,0,0,0,0.110314396,0.137892995,0,0,0,0,0,0,0,0,1.282404854,0.592939879,0,0,0,0,0,0,0,0,0,0,0,0,0,0,0,0,0,0,0,0.689464975,0,0,1.627137341,0,0,0,0,0,0,0,0,0,0,0,0,0,0,0.82735797,0,0,0,0,0.386100386,0,0,0,0,0,0,1.889134032,0,0,0,0,0,0,0,0,1.39271925,0,0,0.372311087,0,0,0,0,0,0,0,1.475455047,0,2.744070601,0,0,0,0,1.406508549,0,0,0,0,0.179260894,0,0,0,0,0,0,0,0,0,0,0,0,0,0,1.902923331,1.047986762,0,0.344732488,4.895201324,0,0,0,0,0,0,0,0,0,0,0,0,0,0,0,0,0,0,0,0,0,0,0,0,0,0,0,0.84114727,0,0,0.206839493,0,0,0,0,0,0,0,0,0,0,0,0,0,0,0,0,1.723662438,0,0,0,0,0,0,0,0,0,0,0,1.020408163,0,0,0,0,0,0
Strauss050-C21B,0,0,0,0,0,0,0,0,0,0,0,0,0,0,0,0,0,0,0,0,0,0,0,0,0,0,0.12195122,0,0,0,1.003752345,0,0.365853659,0,0.225140713,0.140712946,0,0.103189493,0,0.018761726,0.966228893,0,0,0,0.881801126,0,0,0,0,0,0.497185741,1.294559099,2.148217636,0,0,0,0.703564728,1.594746717,0,0.328330206,0,0,0,0,0,0,0,0,0,0,0,0,0,0,1.622889306,0,0,0,0,0.075046904,0,0,0,0,0,0,0.628517824,0,0,0,0,1.219512195,0,0,0,0.919324578,0,1.632270169,0,0,0,0,0,0,0.318949343,0,0,0,1.754221388,0,0,0,0,0,0,0,0,0,0,0,0,0.028142589,0.253283302,0,0,0.337711069,0,0,0,0,0,0,0,1.547842402,0.853658537,0,0,0,0,0,0,0,0,0,0,0,0,0,0,0,0,0,0,0,0,0.834896811,0,0,0,1.491557223,0,0,0,0,0,0,0,0,0,0,0,2.56097561,0,0,0.778611632,0,0,0,0.984990619,0.412757974,0,0,0,0,0,0,0,0.806754221,0,0,0.975609756,0.469043152,0,0,0.806754221,0,1.191369606,0,0.891181989,0,0,1.435272045,1.575984991,0,0,0,0,2.073170732,0,0,0,1.594746717,0,0,0.140712946,0,0,0,0,0,0,0,0,0,0,0,0,0,0,0,0,0,0,0,0,0,0,0,0,0,0,0.112570356,0,0,0,0,0.12195122,0,0,0,0,0,0,0,0,0,0.075046904,0,0.806754221,0,0.412757974,0,0,0,0,2.307692308,0,3.499061914,0,0,0,0,0,0,0,1.848030019,0,0,0,0,1.238273921,0.844277674,0.703564728,0,0,0,0,0,0,0,0,0,0,0,0,0,0.572232645,1.435272045,2.87054409,0,0,0.703564728,0,0,0.384615385,0,0,0,1.26641651,0,0,1.538461538,3.030018762,0,0.506566604,0,0,2.157598499,0,0,0.168855535,0,0,0,0,0,0,0,0,0,0.384615385,0,0,0,0,3.377110694,1.041275797,0,0,0,0,0,0,0,0,0,0,0,0,0.300187617,1.05065666,0,0,0,0,0,0,0,0,0,0,0,0,0,0,0,0,0,1.791744841,0.037523452,0.928705441,0,0,0,0.290806754,0,0,0,0,0,0,0,0,0,0,0,0,0,0,0,0,0,0,0,0,0.206378987,0.225140713,0.412757974,0,0,1.463414634,2.56097561,0,0,0,0,0,0.046904315,0,0,0.131332083,0.74108818,0,0,0,0,0,0,0,0.4315197,0,0,1.472795497,0,0,0.675422139,0,0,0.318949343,0.384615385,0,0,0,0,0,0,0,0,0,0.881801126,0,0,0,0,0,0,0,0,0,0,0,2.598499062,0.74108818,0,0,0,0,0,0.30956848,0,0,0,0,0,0,0,0,0,0,0,0,0,0,0,0,0,0,0,0.253283302,0,1.735459662,3.508442777,0,1.060037523,0,0.365853659,0,0,0.328330206,0,0,0,0,0.459662289,0,0.065666041,0,0,0.272045028,0,0,0,0,0,0,0,0,0,0,0,0,0,0,1.932457786,0,0,0,0,0
Strauss051-C41B,0,0,0,0,0.048822165,0,1.135115342,0,0,0,0,0,0,0,0,0,0,0,0,0,0,0,0,0,0,0,0,0,0,0,0.671304772,0,0,0,0,0,0.207494202,0.378371781,0,0,0,0.073233248,0,0,0,0,0,0,0,0.122055413,0,0.817771268,1.415842793,0,0,0,0,1.037471012,0,2.160380813,0,0,0,0,0,0,0,0,0,0,0,0,0,0,0.549249359,0,0,0,0,0,0,0,0,0,0,0,0,0,0,0,0,4.699133407,0,0,0,0,0,0,5.358232638,0,0,0,0,0,0,0,0,0,0,0,0,0,0,0,0,0,0,0,0,0,0,0,0,0,0,0,0.988648847,0,0,0,0,0,0,2.392286098,1.257170756,0,0,0,0,0.366166239,0,0,0,0,0,0,0,0.085438789,0,0,0,0,0,0,0,0,0,0,0,0.366166239,0,0,0,0,0,0,0,0,0,0,0,3.588429147,0,0,2.172586354,0,0,0,0,0.74453802,0,0,0,0,0.366166239,0,0,0,0,0,1.67215916,0,0,0,2.331258391,0,0,1.183937508,0,1.647748078,0,0,0,0,0,0,0,0.549249359,2.306847309,0,0,0,0,0,0.18308312,0,0,0,0.317344074,0,0,0,0,0,0,0,0,0,0,0,0,0,0,0,0,0,0,0.695715855,0.146466496,0,0,0,0,0.122055413,0,0,0,0,0,0,0,0,0.988648847,0.842182351,0,0,0,0,0,0,0,0,0.402782863,0,0,2.13596973,0,0,0,0,0,0,0,0,0,0,0,0,0,0,0,1.403637251,0,0.414988405,0,0,0,0,1.647748078,0,0,0,0,0.561454901,0,0,1.037471012,0,1.342609545,0,0,0,0,0,0,0,0,0,0,0,0,0,2.099353106,0,0,0,0,2.685219089,0,0,0,0,0,0,0.439399487,0,0,0,0,0,0.268521909,0,0.109849872,0,0,6.261442695,0,0,2.270230685,0,0,0.854387892,0,0,0,0,0,0,0,0,1.782009032,0,0,0,0,0,0,0,0,0,0,0,0,0,0,0,0,0,0,0.598071524,0,0,1.147320884,0,0.292932992,0,0,0,0,0,0.28072745,0.451605029,0,0,0,0,0,0,0,0,0,0,0,0,0.512632735,0,0,0,0,0,0,1.196143049,0,0,0,0,0,0,0,0,0,0,0,0.085438789,0,0,0,0,0,0.683510314,0,0,0,0,2.245819602,0,0,0,1.916269987,0,0,0,0,0,0,0,0,1.013059929,0,1.281581838,0,0,0,0,0,0,0,0,2.819480044,0.524838277,0,0,2.404491639,0,0,0,0,0,0.207494202,0,0,0,0,0,0.573660442,0,0.695715855,0,0,0,0,0,0,0.097644331,0,0,0,0,0.695715855,0,1.85524228,1.696570243,2.624191383,1.318198462,0,0,0,0,0,0,0,0,0,0,0,0,0.598071524,0,0,0,0,0,0,0,0,0,0,0,0,0,0.341755157,1.086293177,1.049676553,0,0,0,0,0,0
Strauss052-C61B,0,0,0,0,0,0,0.670530742,0,0,0,0,0,0,0,0,0,0,0,0,0.295488124,0,0,0,0,0,0,0,0,0,0,0,0,0,0,0,0,0,0,0.625071031,0,0.193203773,0,0,0,0,0,0,0,0,0,0,0.386407546,1.091033072,0,0,0,0,0,0,0,0,0,0,0,0,0,0,0,0,0,0,1.022843505,0,0,0,0,0.443232185,0,0,0,0,0.647800886,0,0,0,0,0,0,0,0,0,2.841231958,0,0.15910899,0,0,0,0.818274804,0,0,0,0,0,0,0,0,0,0,0.068189567,0,0,0,0,0,0,0,0,0,0,0,0,0,0,0,0,0,0.988748721,0,0,0,0.545516536,0,0,1.511535402,2.511649051,0.556881464,0,0,0,0.113649278,0,0,0,0,0,0,0,0,0,0,0,0,0,0,0,0,0,0,0,0,0,0,0,0,0,0,0,0,0,0,0,3.477667917,0,0,0.454597113,0,0,0,0,0,0,0,0,0,0,0,0.636435959,0,0,0,1.443345835,0,0,0,2.04568701,0,0,0,0,0,0,0,1.693374247,0,0,0,0,0,0,0,0,0,0,0,0,0,0,0,0,0,0,0,0,0.10228435,0,0,0,0,0,0,0,0,0,0,0,0,1.46607569,0,0,0,0,0,0,0,0,0,0,0,0,0.045459711,0,0,0,0,0,0,0,0,0,0,0,0,0,0,0,1.52290033,0,0.488691897,0,0,0.94328901,0,1.511535402,1.943402659,0,0.738720309,0,0,0,0,0,3.40947835,0,0,0,0.806909876,0,0,1.613819752,0,0,0,0,0,0,0,1.181952495,0,0,1.022843505,0,0,0,0,0,0,0,0,1.920672804,1.863848165,0,0,0,0.488691897,0,0,0,2.932151381,0,0.147744062,0,0.306853051,0,0,0,0,0,1.943402659,0,0,0,0.238663484,0.306853051,0,0,6.125696102,0.78418002,0,0.78418002,0,0.147744062,0.477326969,0,0,0,0,0,0,0,0,4.295942721,0.079554495,0,0,0,0,0,0,0,0,0,0,0,0,0,0,0,0,0,0.284123196,0,0,1.170587567,0,1.409251051,0,1.352426412,0,0,0,0,0,0.090919423,0,0,0,0,0,0,0,0,0,0,0,0,0,0,0,0,0,1.352426412,5.011933174,0,0,0,0,0,0,0,0,0,0,0,0,0,0,0,0,0,0,0,0.397772474,0,0,3.09126037,0,0,0,0,0,0,0,0,0,0,0,0,1.716104103,0,0,0,0,0,0,0,0,0.340947835,0,5.227866803,0,0,1.181952495,4.000454597,0,0,0,0,0,0,0,0,0,0,0,0,0,0,0,0,0,0,0,0,0,0,0,0,0,0,0,2.795772247,0,2.454824412,0,0,0,0,0,0,0,0,0.10228435,0,0,0,0,0,0,0,0,1.409251051,0,0,0,0,0,0,0.818274804,0,0,0,0.52278668,0,0,0,0,0.386407546,0,0
Strauss057-C21C,0,0,0,0,0,0,0,0,0,0.770297335,0,0,0,0,0,0,0,0,0,0,0,0,0,0,0,0,0,0,0,0,0,0,0,0,0,0,0,0,0,0,0,0,0,0,0,0,0,0,0,0,0,0,5.746418117,0,4.082575874,1.186257896,0,0,0,0,0,0,0,0,0,0,0,0,0,0,0,0,0,0.277307041,0.908950855,0,0,0,0,0,0,0,0,2.110614697,0,0,0,0,0,0,0,0,0,0,0,0,0,0,0,0,0,0,0,0,0,0,0,0,0,0,0,0,0,0,0,0,0,0,0,0,0,0,0,0,0,0,0,0,0,0,0,0,0,0,0,0,0,0,0,0,0,0,0,0,0,0,0,0,0,0,0,0,0,0,0,0,0,0,0,0,0,0,0,0,0.539208134,0,0,0,0,0,0,0,0,0,0,0,0,0,0,0,0,0,0,0,0,0,0,0,0,0,0,0,0,0,0,0,0,0,0.600831921,0,0,0,1.186257896,0,0,0,0,0,0,0,0,0,0,0,0,0,0,0,0,0,0,0,0,0,0,0,2.788476352,0,2.126020644,0,0,0,1.81790171,1.047604375,0,0,0,0,0,0,0,0,0.585425974,0,0,0,0,0,0,0,0,0,0,0,0,0,0,0,0,0,0,0,2.326297951,0,0,0.647049761,0,0,0,0,0,0,0,0,0,0,5.977507318,0,2.033584964,0,0,0,0.431366507,0,0,0,0,0,0,0,4.637189955,0,3.296872593,0,0,0,0,0,0,0,0,0,0,0,0,0,1.047604375,0,0.970574642,0,0,0,0,0,0,0,0,0,0,0,0,0,0,1.77168387,0,0,0,0,0,0,0,0,0,1.787089817,0,0,0,0,0,0,0,0,0,0,0,0,0,0,0,0,0,0,0,0,0,0,3.096595286,3.512555847,0,0.708673548,0,1.63303035,0,0,0,0,0,0,0,0,0,0,0,0,0,0,0,0.677861655,0,0,2.819288245,1.58681251,0,0,0,0,0,0,0,0,0,0,0,0,0,0,0,0,0,2.927129872,0,2.156832537,0,0,0.107841627,6.131566785,0.04621784,0,0.508396241,0,0,0,0,0,0,0,2.357109844,0,0,0,0,0,0,0,0,0,0,0,0,0.369742721,0,0,0,0,0,0,1.432753043,0,0,0,2.218456324,0,0,0,1.525188723,3.866892621,0,0,0,0,0,0,0,0,0,0,0,0,0,0,0,0,0,0,0,0,0,0,0,0,0,0,0,0,0,0,0,0.631643815,0,0,10.98443999,0,0,0,0,0,0,0,0,0,0,0,0,0,0,0,0,0,0,0,0,0,0,0,0,0,0,0,0,0,0,0,0,0,0,0,0,0,0
Strauss058-C41C,0,0,0,0,0,0,0,0,0.430786904,1.196630289,0,0,0,0.181887804,0,0.067011296,0.047865212,0,0,0.928585104,0,0.12444955,0,0.12444955,0.382921693,0,0,0,0,0,0.038292169,0,0,0,0,0.114876508,0,0,0,0,0,0,0,0,0,0,0,0.220179973,0,0,0.631820793,0.612674708,1.014742485,0,2.06777714,0,0,0,0,0.162741719,0.086157381,0,0,0,0,0,0,0.670112962,0,0,0.737124258,0,0,0.488225158,0,0,0,0,0.938158147,0,0,0,0,0.813708597,0,0,0,0,0,0.4977982,0,2.651732721,0,0,0,0,0.277618227,0,0.631820793,0,0,0,0,0,0,0,0,0,0,0,0.239326058,0,0,0,0,0,0,0,0,0,0,0,0,0,0,0,1.254068543,0,0,0,0,0,0,0.679686004,1.005169443,1.981619759,0,0,0,0.919012062,0,0,0,0,0,0,0,0,0,0.210606931,0,0,0,0,0,0,0,0,0,0,0,0,0.670112962,0,2.249664944,0,0,0,0,0,0,1.560405897,0,0,0,0,0,0,0,1.254068543,0,0,0,0,0,0.392494735,0,0,0,0,0.880719893,0,0,0,1.301933755,0,0.823281639,2.603867509,0,0,0,0,0,0,0,0,0,0.775416427,0,0,0,0,0,0,0,0,0.067011296,0,0,0,1.072180739,0.526517327,0,0,0,0,1.589125024,0,0,0,0,0,1.072180739,0,0,0,0,0,0,0,0,0,0,0,0,0,0,0,0,0.516944285,0,0,1.167911162,0.191460846,0,0,0,0,1.569978939,0,0,0,0.813708597,0,0,1.895462378,0,1.502967643,0,0,0,0,0,0,0,0,1.292360712,0,0,0,0,0.986023358,0.698832089,0,0.134022592,0,0,0.87114685,0,0,0,0,1.139192035,0,0,0,0,0,0,0,0,0,0,0,0,0,0,0,0,0,0,0,0,0,0,0,0,2.048631055,0.631820793,0,0,0,0,0.612674708,0,0,0,1.799731955,0,0,0,0,0,0,0.162741719,5.073712426,0.66053992,0,1.771012828,0,0,0,0,0,0,0,0,0,0,0,1.129618993,0,0,0,0,0,0,0,0,0.239326058,0,1.569978939,0,0,0,0,0,0,0,0.641393835,0,0,0.478652116,0,0,0,0,0.516944285,0.258472142,0,0,1.493394601,0,0,0,0,0,0,0,0,0,0,0,0,0,0.363775608,0,0,0,0.402067777,0,1.598698066,0,0,0,0,0,0,0,0,0,0,0,0,0,0,0,0,0.268045185,0.162741719,0,0,0,0,2.421979705,0,0,0,0,0.90943902,0,0,0,0,0.545663412,0,1.838024124,0,0,1.397664178,2.106069309,0,0,0,0,1.301933755,0,0,0.459506031,0,0,0,0.698832089,0,0,0,0,0,0.459506031,0,0,0,0,0,0,0.37334865,0.220179973,0,0,0,0.086157381,0,0,0,0,0,0,0,0,0,1.177484204,1.560405897,2.603867509,0.708405131,0.440359946,0,0,0.105303465,0,0.153168677,0.086157381,0,0,0,1.234922458,0,0,0,0.181887804,0,1.445529389,0,0.325483439,0,0,0.229753016,0,1.627417193,0.392494735,0,0,0.976450316,0,0,0,0,0,0,0
Strauss059-C61C,0.310214935,0,0,0,0,0,1.484600044,1.141147795,0,0,0,0,0,0,0.066474629,0.642588079,0,0,0,0.398847773,0,0.232661201,0,0,0,0,0,0,0.421005983,0.044316419,0,0,0.099711943,0,0,0,0,0,0,0,0.254819411,0,0,0,0,0,0,0,0,0,0,0.819853756,0,0,0,0,0,0,0,0,0,0.720141813,0,0,0.819853756,0,0.310214935,0.775537337,0,0,0,0,0,0,0,0,0,0,0,0,0,0,2.62574784,0,0,0,0,0,0,0,1.019277642,7.256813649,0,0,0,0,0,0.542876136,0,0,0,0,0,0,0,0,0,0,1.251938843,0,0,0,0,0,0,0,0,0,0,0,0,0,0.731220917,0.177265677,0,0,2.093950809,0,0,0,0,0,0,0.642588079,2.32661201,0.986040328,0,0,0,0,0,0,0,0,0,0,0,0,0,0,0,0,0,0,0,0,0,0,0,0,0,0,0,0.720141813,0,0,0,0.520717926,0,0,0,0.986040328,0,1.506758254,0,0,0,0,0,0,0,0,0,0,0,0.686904498,0,0,0,0,1.418125415,0,0,0,2.415244848,0,1.041435852,2.791934412,0,0,0,0,0.653667184,0,0,0,0,0,2.825171726,0,0,0,0,0,0,0,0,0,0,0,0.421005983,0,0,0,0,0,0,0,0,0,0,0,0,0,0,0,0,0.288056725,0,0.620429869,0,0,0,0,0,0,0,0,0,0,0,0.232661201,0,0,0,0,0,0,0,0,0,0,0.27697762,0.132949258,0.354531354,3.190782185,0,1.994238865,0,0,0,0,0,0,0,0,0,0,0,0,0,0,0,0,0,0.409926878,0,0,1.861289608,0,0,0,0,0,0,0,0,0,0,0,0,0,0,0,0,0,0,0,1.539995568,0,0,0,0,0,0,0,0,3.379126967,0.487480612,0,0,0,0,0,0,0,0,2.382007534,0,0.265898515,0,0,0,0,0,5.727897186,0,0.908486594,0.85309107,0,0,0,0,0,0,0,0,0,0,0,1.628628407,0,0,0,0,0,0,0,0,0,0,0,0,0,0,0,0,0,0,0,0,0,0.842011965,0,0,0,0,0.85309107,0,0,0.432085088,0,0,0,0,0,0,0,0,0,0,0,0,0,0,0,0.132949258,0,0,0,0,1.285176158,0,0,0,0,0,0,0,0,0,0,0,0,0,0,0,0,0,0,0.476401507,0,0,0,4.93020164,0,0,0,0,0,0,0,0,0,0,0,0,0,0,0,0,0.775537337,0.177265677,0,0,0,0,0.85309107,0,0,0,0,1.927764237,0,0,0,0,0.941723909,0,0,0,0.099711943,0,0,0,0,0,0,0,0,0,0.110791048,0.409926878,0,0,1.008198538,0,0,0,0,1.163306005,0.764458232,3.844449368,2.127188123,0.155107467,0.055395524,0,0.088632838,0,0.210502991,0,0,0,0,0,0.720141813,0,0,0,0,0,0,0,0,0.099711943,0,1.274097053,0.775537337,0,0,0,0.808774651,0,0,0,1.030356747,0.797695546,0.110791048,0
Strauss064-C22A,0,0,0,0,0,0,0,0,0,0,0,0,0,0,0,0,0,0,0,0,0,0,0,0,0,0,0,0,0,0,0,0,0,0,0,0,0,0,1.30695551,0,0,0.277504252,0,0,0,0,0,0,0,0,0.528153254,0,0,0,0,0,0,0,0,0,0,0,0,0,0,0,0,0,0.689284755,0,0,0,0,0.474442754,0.277504252,0,0,0,0,0,0,0,0,0,2.076806016,0,0,0,0,0,1.226389759,0.241697252,0,0,0,0,0,0,0,0,0,0,0,0,0,1.154775759,0,0,0.143228001,0,0,0,0,0,0,0,0.295407752,0,0,0,0.170083251,0,0,0,0,0,0.653477755,0,1.31590726,0,1.181631009,0,1.709784263,1.020499508,0,0,0,0,0,0.510249754,0,0,0,0,0,0,0,0,0,0,0,0,0,0,0,0.322263002,0,0,2.023095515,3.222630024,0,0,0,0,0,0,0,0,0,0.886223257,0,1.987288515,0,0,2.255841017,0,0.0179035,0,0,0,0,0,0,1.36066601,0,0,0.662429505,0,0,0,0,0,0,1.226389759,0,0,0,0,0,0,1.745591263,0,0,0,0.653477755,0,0,0,0,0,0,0,0,0,0,0,0,0,0,0.572912004,0,0,0,0,0,0,0,0,0,0,0,0.429684003,3.643362277,0,0,0.501298004,0.546056754,0,0,0.179035001,0,0,0.590815504,0,0,0,0.734043506,0,0.760898756,0,0,0,0,0,0,0,0,0.161131501,0,0.02685525,0,0,0,0,0,0.250649002,0,0,0,0,0,0,0,0,1.673977263,0,1.432280011,0,0.680333005,0,0,0,1.879867514,0,0,0,0,0,0,0,0,0,0,0,0,0,0,1.190582759,3.562796527,0,0,1.32485901,0,0,0.787754006,0,1.181631009,0,1.29800376,0,0,0,0,2.049950765,0,0.662429505,1.038403008,0,0,0,0.340166503,0,0,3.607555277,0,0,0,0,0,0,0.107421001,0,1.065258258,0,0,0,0,0,0,0,0,0,0,0.877271507,0,0,1.35171426,0.689284755,0.653477755,0,2.70342852,0,0,0,0,0,0.930982007,0,0,2.891415272,0,0,0,0,0,0,0,0,3.061498523,0,0,0,0,0,1.145824009,0,0.340166503,0,0,0.161131501,0,0.295407752,0,1.065258258,0,0,0.116372751,0,0,0,0,0,0.214842002,0,1.029451258,1.110017008,0,0,0,0,1.002596008,7.295676305,0,0,0,0,0,0,0,0,0,0,0,0,0,0,0,0,0,0,0,0.340166503,0,0,0,0,0,0,0,0,0,0,0,0,0,0,3.97457703,0.375973503,0,0,0,0,0,0,0,0,0,0,0,0.367021753,0.483394504,0.375973503,0.939933757,0,0,0,0,0,0,0,0,0,0,0,0,0,0,0,0,0,0,0,0,0,0,0,0,0,0,0,1.36961776,0,0,0,0,0,0,0,0.02685525,0,0,0,0,0,0,0,0,0.913078507,0,0,0,0,0,0,0,0,0,0,0,0,0,0,0,0,0,0,0,0,0
Strauss065-C42A,0,0,0,0,0,0,0,0,0,0,0,0,0,0,0.217262493,0,0,0,0,1.244321548,0,0,0,0,0,0,0,0,0,0,0,0,0,0,0,0,0,0,1.629468694,0,0,0,0,0,0,0,0,0,0,0,0,0.434524985,0,0,0,0,0,0,0,0,0,0,0,0.158009086,0,0,0,0,0.50365396,0,0,0,0,0,0.898676674,0,0,0,0,0,0,0,0,0,0,1.194943709,0,0,0,0,2.281256172,1.273948252,0,0,0,0.483902824,0.335769307,0,0,0,0,0,0.385147146,0,0,0,0,0,0,0,0,0,0,0,0,0.069128975,0,0,0,0,0,0,0,0,0,0,3.328066364,0,3.239186253,0,0,0,0,0,0,1.580090855,0,0,0,0.582658503,0,0,0,0,0,0,0,0,0,0,0,0,0,0,0,0,0,0,0,2.735532293,0,0,0,0,1.234445981,0,0,0,0,0,1.668970966,0.86904997,0,0,1.28382382,0,0,0,0,0,0,0,0,0,0.444400553,0,0,0,0,0,0,0,0,0.957930081,0,1.155441438,0,0,0,0,3.71321351,0,0.711040885,0,0.622160774,0,0,0,0,0.701165317,0,0,0,0,0,0,0,0,0,0.691289749,0,0,0,0,0,0,0,0,0,0,0,0,0,0,2.202251629,0,0.829547699,0,0.079004543,0,0,0,1.599841991,0.128382382,0,0,0.730792021,0,0,0,0,0,0,0,0,0,0,0,0.898676674,0,0,0,0,0,0,0,0,0.474027257,0,0,0,0,0,0,1.451708473,0,1.609717559,0,0.602409639,0,0,0,2.557772072,0,0,0,0,0,0,0,0,0,0,0,0,0,0,2.004740273,0,0,0,0,0,0.908552242,0,0,3.910724867,0,0.562907367,0,0,0,0.819672131,2.834287972,0.711040885,0,0,0.829547699,0,0,0,0.36539601,0,1.698597669,0,0.197511357,0,0,0,0,0,0,1.431957338,0.523405096,0,0,0,0,0,0,0,0,0.029626704,0,0,0,0,0.187635789,0,0,0.345644875,0,0,0,0.108631246,0,0,0,0,0.829547699,0,0.197511357,0,0,0,0,0,0,2.607149911,0,0,0,0,0,1.382579498,0,0,0,0,0,0.582658503,0.158009086,0.177760221,0,0,0,0,0,0,0,0,0.582658503,0,0,0,0.582658503,0,0,0,0,0,1.994864705,0,0,0,0,0,0,0,0.306142603,0,0,0,0.474027257,0,0,0,0,0,0,0,0,0.296267035,0,0.286391468,0,0,0,0.938178945,0,0,0,0,0.513529528,0,0,3.229310685,0.64191191,0,0,0,0,0,0,0,0.167884653,0,0,0.720916453,0.691289749,0,0.770294292,3.663835671,0,0,0,0,0,0,0,0,0,0,0,0,0,0,0,0,0,0,0,0,0,0,0,3.446573178,0,0.91842781,0,0.582658503,0.829547699,0.375271578,0.790045428,0,0,0,0,0,0,0,0,0,0,0,0.878925538,0,1.066561327,0,0,2.054118112,0,0,0,0,0,0,0,0,0,0,0,0,0,0,0,0,0,0
Strauss066-C62A,0,0,0,0,0,0,0,0,0,0,0,0,0,0,1.239669421,0,0,0,0,1.38216016,0,0,0,0,0,0.41322314,0,0,0,0,0,0,0,0,0,0,0,0,0.726702764,0,0.683955543,0,0,0,0,0,0,0,0,0,0.18523796,1.068680536,0,0,0,0,0,0,0,0,0,0,0,0,0,0,0,0,1.125676831,0,0,0,0,0.797948133,0.641208321,0,0,0,0,0,0,0,0,0,0,1.08292961,0,0,0,0,0,1.367911086,0,0,0,0,0,0,0,0,0,0,0,0,0,0,0,0,0,0,0,0,0,0,0,0,0,0,0,0.883442576,0,0,0,0,0,0,0.726702764,0,2.066115702,0.612710174,0,0,0,0,0,1.282416643,0,0,0,0,0,0.327728698,0,0,0,0,0,0,0,0,0,0,0,0.071245369,0,0,0.498717583,1.738387005,0,2.180108293,0,0,0,0,0,0,0,0,0,1.253918495,0,3.989740667,0,0,2.251353662,0,0,0,0,0,0,0,0,0,0,0,0,0,0,0,0,0,0,0,0,0,0,0,0,1.011684241,2.949558279,0,0,0,0,0,0,0,0,0,0,0,0,0,0,0,0,0,0,1.097178683,0,0,0,0,0,0,0,0,0,0,0,0,0,0,0,0,0,0,0,0,0,0,0,0.170988886,0,0,0,0,0,0,0,0,1.011684241,0,0,0,0,0,1.325163864,0,0,0,0,0,0,0,0,1.538899972,0,0,0,0,0,0,2.522086064,0,1.852379595,0,0,0,1.838130522,0,5.029923055,0,0,0,0,0,0,0,0,0,0,0,0,0,0,0.911940724,2.9923055,0,0,0,0,0,3.17754346,0,4.217725848,0,0,0,0,0,0.840695355,1.1969222,0.569962952,0,0,2.080364776,0,0,0,0,0,0,0,0.156739812,0,0,0,0,0,0,0,1.581647193,0,0,0,0,0,0,0,0,0,0,0,0,0,0.142490738,0,0,2.735822172,0,0,0,0,0,0,0,0,0,0,0,0,0,0,0,0,0,0,0,0,0,0,0,1.396409233,0.470219436,0,0,0,0,0,0,0,0.441721288,1.154174979,0,0,0.099743517,0,0.712453691,0,1.610145341,0.89769165,0,0,0,0,0,0,0,0,1.567398119,0,0.41322314,0,0.170988886,0,0,0,0.313479624,0,0,0,0,0,0,0,0,0,0,0,2.821316614,5.856369336,0,1.239669421,0,0,0,0.555713879,0,0,0,0,0,0,0,0,0,0,0,0,0,0,0,0,0,0,0,0,0.527215731,0,0.470219436,1.838130522,0,0,0,0.840695355,0,0,0,0,0,0.313479624,0,0.755200912,0,0,0,0,0,0,0,0,0,0,0,0,0,0,0,3.690510117,0,0.569962952,1.567398119,0,0,0,0,0,0,0,0,0,0,0,0,0,0,0,0,0.11399259,0,0,0.042747221,0,0,0,0,0,0,0,0,0,0,0,0,0,0,0
Strauss071-C22B,0,0,0,0,0,0,0,0,0,0,0,0,0,0,0,0,0,0,0,0.607205505,0,0,0,0,0,0,0,0,0,0,0,0,0,0,0,0,0,0,0,0,0,0.256375658,0,0,0,0,0,0,0,0,0,0.485764404,0.80960734,0,0,0,0,0,0,0,0,0,0,0,0,0,0,0,0,0,0,0,0,0,1.025502631,0,0,0,0,0,0,0,0,0,0,0,0,0,0,0,0.323842936,0,0,0,0,0,0,0,0,0,0,0,0,0,0,0,0,0,0,0,0,0,0,0,0,0,0,0,0,0,0,0,0,0,0,0,0,0,1.227904466,0,0,0,0,0,0,0,0,0,0,0,0,0,0,0,0,0,0,0,0,0,0,0,0,0,0,0,0,0,0,0,0,0,0,0,0.661179328,0,0,0,0,0,0,3.521791931,0,0,0,0,0,0,0,0,0,0,0,0,0,0,0,0,0,0,0,0,0,0,0,0,0,0.701659695,0,2.685197679,0,0,0,0,0,0,0,0,0,0.890568074,0,0,0,0,0,0,0,1.49777358,0,0,0,0,0,0,0,0,0,0,0,0,0,0,3.170962083,0,0,0,0,0,0,0.728646606,0,0,0.026986911,0,0.958035353,0,0.377816759,0,0,0,0,0,1.673188504,0,0,0,0,0,0.59371205,0,0,0,1.187424099,0,0,0,0,0,0,0,0,0,0,0,0,0,3.049520982,0,3.076507894,0,0,0,3.265416273,0,0,1.551747403,0,0,0,0.688166239,0,0,1.956551073,0,0,0,0,0,0,0,0,0,0,0,0,0,3.8051545,0,0.931048442,0,0,0,0,0,0.661179328,0,0,0,0,0,0,0,0,7.70476319,0,0,0,0,0,0,0,0,0,1.524760491,0,0,0,0,0,0,0,0,0.944541897,1.916070706,0,0.836594252,0,0,0,0,0,0,0,0,0,0,3.683713399,1.484280124,0,7.461880988,0.161921468,0,0,0,0,0,0,1.254891378,0,0,0,0,0,0,0,0,0,0,0,0.485764404,0.890568074,0,0,0,0,0,0,0,0,0,0,0,0,0,0,3.076507894,0,0,0,1.632708137,3.872621778,1.673188504,0,0,0,0,0,0,0,0,0,0,0,1.349345567,0,0,0,0,0,0,0,0,0,0,0,0,0,0.161921468,0,0,0,0,0,1.524760491,0,0,5.248954257,0,0,0,0.09445419,0,0,0,0,1.511267035,0,0,0,0,0,0,0,0,0,0,0,0,0,0,0,0,0,0,0,0,1.227904466,0,0,0,0,0,0,0,0,0,0,0,0,0,6.274456888,0,0,0,0,0,0,0,0,0,0,0,0,1.605721225,0,0,0,0,0,0,0,0,0,0,0,0,0,0,0,0,0,0,0,0,0,0,0,0,0
Strauss072-C42B,0,0,0,0,0,0,0,0,0,0,0,0,0,0,0,0,0,0,0,2.760774516,0,0,0,0,0.399750156,0,0,0.449718926,0,0,0.087445347,0,0,0,0,0,0,0,0,0,0,0,0,0,0,0,0.924422236,0,0,0,0,0,1.299188007,0,0,0,0,0,0,0,0,0,0,0,0,0,0,0,0,0,0,0,0,0,1.861336665,0,0,0,0,0.599625234,0,0,0,0,0,0,0,0,1.511555278,0,1.449094316,1.361648969,0,0,0,0,0.949406621,0,0,0,0,0,0,0,0,0,0,0.087445347,0,0,0,0,0,0,0,0.112429731,0,0,0,0.537164272,0,0.587133042,0,0,0,0,1.04934416,0,2.760774516,0,0,0,0,0,0,0.037476577,0,0,0,0,0,0,0,0,0,0,0,0,0,0,0,0,0,0,0,0,0,0,0,0,0,0,0,0,0.612117427,0,0,0,0,0,0.924422236,3.235477826,0,0,0,0,0,0,0,0,0,0,0,0,0,0,0,0,0,0,0,0,0,0,0,0,0,0,0,0,0,0,0.724547158,0,0,0,0,0,0,0,0,0,0,0,0,0,0,1.361648969,0,0,0,0,0,0,0,0,3.135540287,0,0,0,0,0,3.385384135,0,0,0,0,0,0,0.762023735,0,0,0,0,0,0,0,0,0,0,0,0,1.461586508,0,0,0,0,0,0.47470331,0,0,0,0.549656465,0,0,1.886321049,0,0,0,0,0,0,0,0,0,0,2.473454091,0,2.36102436,0,0,0,0.637101811,0,0,0,0,0,0,1.086820737,0,0,1.686445971,0,0,0,0,0,0,0,0,0,0,0,0,0,2.548407245,0,0.674578389,0,0,0,1.973766396,0,0,0,0,0.662086196,0,0,0,0.237351655,0,2.83572767,0,0,0,0,0.249843848,0,0.112429731,0,0,1.461586508,0,0,0,0.04996877,0,0,0,0,0,0.899437851,0,1.349156777,0,0,0,0,0.449718926,0,0,0,0,0,0,0,0,5.021861337,0,0,0,0,0,0,0,0,0.312304809,0,0,0,0,0,0,0,0,0,0,0,1.124297314,1.798875703,0,0,0,0,0,0,0,0,0,0,0,0,0.112429731,1.748906933,0,0,0,0,0,1.861336665,0,0,0,0,0,0,0,0,0,0,0,0,0,0,0,0,0,0,0,0,0.861961274,0,1.111805122,0,0,0.911930044,0,0,0,0,1.711430356,0,0,0,6.296064959,0,0,0.774515928,0,0,0,0,0,0.849469082,0,0,0,0,0,0,1.57401624,0,0,0,0,0,0,0,0,0,0,0,0,0,0.749531543,0,0,0,0,0,0,0,0,0.924422236,2.410993129,0,0.224859463,0,7.270455965,0,0.399750156,0,0,0,0,0,0,0,0,0,0,0.78700812,0,0,0,0,0,0,2.073703935,0,0,0,0,0,0,0,0,0,0,0,0,0,0,0,0,0,0
Strauss073-C62B,0,0,0,0,0,0,0,0,0,0,0,0,0,0,0.389943561,0,0,0,0,0,0,0.430990251,0,0,0,0,0,0,1.375064135,0,0,0,0,0,0,0.205233453,0,0,0,0,0,0,0,0,0,0,0,0,0,0,0,0.389943561,0,0,0,0,0,0,0,0,0,0,0,0,0,0,0,0,0,0,0,0,0,0,1.888147768,0,0,0,1.50846588,0,0,0,0,0.389943561,0,0,0,0,0,0,0,1.611082606,0,0,0,0,0,0,0,0,0,0,0,0,0,0,0,0,0,0,0,0,0,0.133401744,0,0,0,0,0,0.410466906,0,0,0,0,0,0,0.646485377,0,1.929194459,0,0,0,0,0,0,1.590559261,0,0,0,0,0,0,0,0,0,0,0,0,0,0,0,0,0,0,0,0,0,0,0.430990251,0,0,0,0,0,1.457157517,0.092355054,0,0,0,0,0,0,0,0,1.590559261,0,0,0,0,0,0,0,0,0,0,0,0,0,0,0,0,0,0,0,0,0,0,0,0,0,2.411493073,0,1.251924064,0,0,0,0,0,0,0,0,0.769625449,0,0,0,0,0,0,0,0.369420215,0,0.225756798,0,0,0,0,1.528989225,0,0,0,0,0,0.728578758,0,0,0,0,0,0,0.759363776,0,0,1.056952283,0,0.359158543,0,0.913288866,0,0,0,0,0,0,0,0,0,0,0,0.779887122,0,0,0,0.174448435,0.256541816,0,1.108260646,1.908671113,2.688558235,0,0,0,0,0,0,0,0,1.416110826,0,1.190354028,0,1.775269369,0.769625449,3.181118522,0,0,0.482298615,0,0,0.728578758,0,0,0.50282196,0.687532068,0.472036942,0,0,0,0,1.682914315,0,0,0,0,0,0,0,1.847101077,0,1.775269369,0,0,0,0.69779374,1.35454079,0,0,0,2.349923037,0,0,0,0.287326834,0,0,0.30785018,0,0,0,0,0,0,0.19497178,0,1.672652642,0,0,0,0.584915341,0,0,0,0,0,0.574653669,0,0,0,0,0,0,0,0,0,0,0,0,0.81067214,0,0,1.35454079,0,0.389943561,0,0.297588507,0,0,0,0,2.062596203,0,0,0,0,0,0,0,0,0,0,0,0,1.2006157,0,0,0.133401744,0,0,0,0,0,0,0,0,0,0.287326834,1.375064135,0,0,0,0,0,1.570035916,0,0,0,0,0,0,0,0,0,0,0.430990251,0,0,0,0,0,0,0,0,1.169830682,2.432016419,0,0.790148794,0,0,0,0,0,0,0,0,0,0,0,4.699846075,0,0,2.329399692,0,0,0,0,0,2.319138019,0,0,0.615700359,0,0,0.65674705,0,0,0,0,0,0,0,0,0,0.041046691,0,0.872242175,0,0,1.097998974,0,0,0,0,0,0,0,0,0,2.237044638,0,0,0,5.828630067,0,0.790148794,0,0,0.790148794,0,0,0,0,0,0,0.533606978,0,0,0,1.046690611,0,0,0,1.231400718,1.85736275,0,0,0,0,0,0,0,0,0,0,0.030785018,0,0,0,0,0,0.420728579
Strauss078-C22C,0,0,2.466960352,0,0,0,0,0,0,0,0,0,0,0,0,0,0,0,0,0,0,0,0,0,0,0,0,0,0,0,0,0,0,0,0,0,0,0,0,0,0,0,0,0,0,0,0,0.563876652,0,0,0,0,3.647577093,0,1.198237885,1.585903084,0,0,0,0,0,0,0,0,0,0,0,0,0,0,0,0,0,0,0.704845815,0,0,0,0,0,0,0,0,2.925110132,0,0,0,0,0,0,0,0,0,0,0,0,0,0,0,0,0,0,0,0,0,0,0,0,0,0,0,0,0,0,0,0,0,0,0,0,0,0,0,0,0,0,0,0,0.211453744,0,0,0,0,0,0,0,0,0,0,0,0,0,0,0,0,0,0,0,0,0,0,0,0,0,0,0,0,0,0,0,0,0,0,0,0.634361233,0,0,0,0,0,0,0,0,0,0,0,0,0,0,0,0,0,0,0,0,0,0,0,0,0,0,0,0,0,0,0,0,1.392070485,0,0,0,0,1.568281938,0,0,0,0,0,0,0,0,0,0,0,0,0,0,0,0,0,0,0,0,0,0,0,0,0,2.237885463,0,0,0,1.215859031,0,0,0,0,0,0,0,0,0.22907489,0,0,0,0,0,0,0,0,0,0,3.207048458,0,0,0,0,0,0,0,0,0,3.418502203,0,0,0,0,0.475770925,0,0,0,0,0,0,0,0,2.149779736,1.092511013,0.246696035,0,0,0,0.299559471,0,0,0,0,0,0,0,1.9030837,0,3.189427313,0,0,0,0,0,0,0,0.704845815,0,0,0,0,0,2.942731278,0,0.511013216,0,0,0,0,0,0,0,0,0,0,0,0,0,0,3.929515419,0,0,0,0,0,0,0,0,0,2.079295154,0,0,0,0,0,0,0,0,0,0,0,0,0,0,0,0,0,0,0,0,0,0,0.845814978,0.95154185,0,3.894273128,0,0,0,4.72246696,0,2.185022026,0,0.881057269,0,0,0,0,0,0,0,0,0,0,0,0,3.577092511,3.365638767,0,0,0,0,0,0,0,0,0,0,0,0,0,1.621145374,0,0,0,1.814977974,0,3.700440529,0,0,0,0,0,0,0,0,0,0,0,0,0,0,1.374449339,0,0.933920705,0,0,0,0,0,0,0,0,0.158590308,0,0,0,0,0,0,0,0,3.647577093,0,0,0.528634361,2.273127753,0,0,1.092511013,0.898678414,2.167400881,0,0,0,0,0,0,0,0,0,0,0,0,0,0,0,0,0,0,0,0,0,0,0,0,0,0,0,0,0,0,0,2.167400881,0,0,10.46696035,0,0,0,0,0,0,0,0,0,0,0,0,0,0,0,0,0,0,0,0,0,0,0,0,0,0,0,0,0,0,0,0,0,0,0,0,0,0
Strauss079-C42C,0,0.755726078,5.66213231,0,0,0,0,0,0,2.767120102,0.744099523,2.453203116,0,0,0,0,0,0,0,1.15102895,0,0,0,0,0,0,0,0,0,0,0,0,0,0,0,0,0,0,0,0,0.523194977,0,0,0,0.116265551,0,0,1.255667946,0,0,0,0.383676317,4.301825369,0,1.709103593,0,0,0,0,0,0,0,0,0,0,0,0,0,0,0,0,0,0,0,1.802116033,0,0,0,0,0,0,0,0,2.499709336,0,0,0,0,0,0,0,0,0,0,0,0,0.186024881,0,0,0,0,0,0,0,0,0,0,0,0,0,0,0,0,0,0,0,0,0,0,0,0,0,0,0.06975933,0,0,0.697593303,0,0,0,0,0,0,0,0,0,0,0,0,0,0,0,0,0,0,0,0,0,0,0,0,0,0,0,0,0,0,0,0,0,0,0,0,0,0,0,0,0,0,0,0,0,0,0,0,0,0,0,0,0,0,0,0,0,0,0,0,0,0,0,0,0,0,0,0,0,0,4.685501686,0,0,0,0,1.05801651,0.313916986,0,0,0,0,0,0,0,0,0,0,0,0,0,0,0,0,0,0,0,0,0,0,0,0,0.569701198,0,0,0,4.115800488,0,0,0,0,0,0,0,0,0,0,0,0,0,0,0,0,0,0,0,2.25555168,0,0,0,0,0,0,0,0,0,0,0,0,0.267410766,0,0,0,0,0,0,0,0,0,0,3.499593071,0,2.069526799,0,0,0,0,0,0,0,0,0,0,0,2.639227997,0,1.325427276,0,0,0,0,0,0,0,1.01151029,0,0,0,0,0,1.313800721,0,0,0,0,0,0,0,0,0,0,0,0,0.744099523,0,0,0,3.371700965,0,0,0,0,0,0,0,0,0,0,0,0,0,0,0,0,0,0,0,0,0,1.441692826,0,0,0,0,0,0,0,0,0,0,2.488082781,1.918381584,0,1.244041391,0,3.918149052,0,3.639111731,0,1.0347634,0,0,0,0,0,0,0,0,0,0,0,0,0,0,1.19753517,3.127543309,0,0,0,0,0,0,0,0,0,0,0,0,0,1.953261249,0,0,0,0,0,0,0,0,0,0,0,0,0,0,0,0,0,0.06975933,0,0,0.255784211,0,0,0,0,0,0.348796652,0,0,0,0,1.15102895,0,0,0,0,0,0,0,0,0.616207418,0,0,1.348680386,2.057900244,0,0,1.964887804,0.988257179,2.650854552,0,0,0,0,0,0,0,0,0,0,0,0,0,0,0.02325311,0,0,0,0.523194977,0,0,0,0,0,0,0,0,0,0,0,0,1.08126962,0,0,7.301476572,0,0,0,0,0,0,0,0,0,0,0,0,0,0,0,1.337053831,0,0,0,0,0,0,0,0,0,0,0,0,0,0,0,0,0,0,0,0,0,0
Strauss080-C62C,0,0,2.170283806,0,0,0,0,0,0,1.669449082,0,0.898934121,0,0,0,0,0,0,0,0.308205984,0,0,0,0,0,0,0,0,0,0,0,0,0,0,0,0,0,0,0,0,0.642095801,0,0,0,0,0,0,0.770514961,0,0,0,0.590728137,5.791704122,0,0.847566457,0,0,0,0,0,0,0,0,0,0,0,0,0,0,0,0,0,0,0,0,0,0,0,0,0,0,0,0,1.309875433,0,0,0,0,0,0,0,0,0,0,0,0,0,0,0,0,0,0,0,0,0,0,0,0,0,0,0,0,0,0,0,0,0,0,0.295364068,0,0,0,0,0,0,0,0.243996404,0,0,0,0,0,0,0,0,0,0,0,0,0,0,0,0,0,0,0,0,0,0,0,0,0,0,0,0,0,0,0,0,0,0,0,0,0,0.475150893,0,0,0,0,0,0,0,0,0,0,0,0,0,0,0,0,0,0,0,0,0,0,0,0,0,0,0,0,0,0,0,0,0.565044305,0,0,0,0,1.476820342,0,0,0,0,0,0,0,0,0,0,0,0,0,0,0,0,0,0,0,0,0,0,0,0,0.410941312,3.9296263,0,0,0,4.995505329,0,0,0,0,0,0,0.603570053,0,0,0,0,0,0,0,0,0,0,0,0,2.748170027,0,0,0,0,0,0,0,0,0,1.374085013,0,0,1.078720945,1.785026326,0.629253885,0,0,0,0,0,0,0,0,1.104404777,0,0.218312572,0,0,0,3.210479003,0,0,0,0,0,0,0.821882625,4.623089765,0,3.685629896,0,0,0,0,0,0,0,0.898934121,0,0,0,0,0,1.720816746,0,0.269680236,0,0,0,0,0,0,0,0,0,0,1.720816746,0,0,0,1.181456273,0,0,0,0,0.231154488,0,0,0,0,0,0,0,0,0,0,0,0,0,0.770514961,0,0,0,0,0,0,0,0,0,0,0,0,0,2.504173623,2.619750867,0,1.695132914,0,0.731989213,0,1.913445486,0,0,0.475150893,1.361243097,0,0,0,0,0,0,0,0,0,1.181456273,0,0,4.546038269,2.799537691,0,0,0,0,0,0,0,0,0,0,0,0,0,0,0,0,0,0,0,1.219982021,0,0,0,0,0,0,0,0,0,0,0,0,0,0.436625144,0.680621549,0,1.168614357,0,0,0,0,0,0.706305381,0,0,0,0,0,0,0,0,0,0,0,2.645434699,0,0,0,4.199306537,0,0,1.168614357,0,3.467317324,0,0,0,0,0,0,0,0,0,0,0,0,0,0,0,0,0,0,0,0,0,0,0,0,0,0,0,0,0,0,3.48015924,0,0,0,4.712983177,0,0,0,0,0.218312572,0,0,0,0,0,0,0,0,0,0,0,0,0,0,0,0,0,0,0,0,0,0,0,0,0,0,0,0,0,0,0,0,0
